sample_idx,population,source_csv,original_id,category,alphabet_size,total_n,multiset_H
0,S1,baseline_20260511T091836Z.csv,A005265_a2,oeis_hard,2,53,0.1350
1,S1,baseline_20260511T091836Z.csv,A071028_a3,oeis_cellular,3,99,0.9940
2,S1,baseline_20260511T091836Z.csv,A071035_a3,oeis_cellular,3,100,0.9580
3,S1,baseline_20260511T091836Z.csv,A071036_a2,oeis_cellular,2,99,0.9993
4,S1,baseline_20260511T091836Z.csv,A071037_a2,oeis_cellular,2,99,0.8850
5,S1,baseline_20260511T091836Z.csv,A071047_a3,oeis_cellular,3,68,1.5511
6,S1,baseline_20260511T091836Z.csv,A072495_a3,oeis_morphic,3,70,1.5838
7,S1,baseline_20260511T091836Z.csv,A079315_a2,oeis_cellular,2,61,0.1207
8,S1,baseline_20260511T091836Z.csv,A093514_a3,oeis_cellular,3,62,1.5730
9,S1,baseline_20260511T091836Z.csv,A093516_a3,oeis_cellular,3,61,1.5358
10,S1,baseline_20260511T091836Z.csv,A128154_a3,oeis_hard,3,50,1.5413
11,S1,baseline_20260511T091836Z.csv,A128159_a2,oeis_hard,2,53,0.9414
12,S1,baseline_20260511T091836Z.csv,A173456_a2,oeis_cellular,2,49,0.1437
13,S1,baseline_20260511T091836Z.csv,A173457_a2,oeis_cellular,2,61,0.1207
14,S1,baseline_20260511T091836Z.csv,A231348_a3,oeis_cellular,3,65,1.4952
15,S1,baseline_20260511T091836Z.csv,A265225_a2,oeis_cellular,2,53,0.8329
16,S1,baseline_20260511T091836Z.csv,A266282_a3,oeis_cellular,3,86,0.9996
17,S1,baseline_20260511T091836Z.csv,A266441_a3,oeis_cellular,3,86,0.9965
18,S1,baseline_20260511T091836Z.csv,A266716_a3,oeis_cellular,3,86,0.9965
19,S1,baseline_20260511T091836Z.csv,A266786_a2,oeis_cellular,2,86,0.9965
20,S1,baseline_20260511T091836Z.csv,A267015_a2,oeis_cellular,2,86,0.9859
21,S1,baseline_20260511T091836Z.csv,A267463_a3,oeis_cellular,3,86,0.9984
22,S1,baseline_20260511T091836Z.csv,A267576_a2,oeis_cellular,2,86,0.9103
23,S1,baseline_20260511T091836Z.csv,A267870_a3,oeis_cellular,3,86,0.1594
24,S1,baseline_20260511T091836Z.csv,A277799_a2,oeis_cellular,2,43,0.9996
25,S1,baseline_20260511T091836Z.csv,A299477_a3,oeis_cellular,3,49,1.5256
26,S1,baseline_20260511T091836Z.csv,A334496_a2,oeis_cellular,2,42,0.9183
27,S1,baseline_20260511T091836Z.csv,A334499_a2,oeis_cellular,2,40,0.7219
28,S1,baseline_20260511T091836Z.csv,collatz_k11_c3_b3,collatz_grid,3,200,0.3364
29,S1,baseline_20260511T091836Z.csv,collatz_k11_c7_b2,collatz_grid,2,200,0.1944
30,S1,baseline_20260511T091836Z.csv,collatz_k3_c3_b2,collatz_grid,2,200,0.1414
31,S1,baseline_20260511T091836Z.csv,collatz_k5_c1_b2,collatz_grid,2,200,0.4022
32,S1,baseline_20260511T091836Z.csv,collatz_k5_c1_b3,collatz_grid,3,200,1.0279
33,S1,baseline_20260511T091836Z.csv,collatz_k5_c3_b2,collatz_grid,2,200,0.1944
34,S1,baseline_20260511T091836Z.csv,collatz_k5_c3_b3,collatz_grid,3,200,0.9916
35,S1,baseline_20260511T091836Z.csv,collatz_k9_c5_b4,collatz_grid,4,200,0.4731
36,S1,baseline_20260511T091836Z.csv,collatz_k9_c7_b4,collatz_grid,4,200,0.2734
37,S2,baseline_20260513T232442Z.csv,eca_015,eca256,2,500,1.0000
38,S2,baseline_20260513T232442Z.csv,eca_027,eca256,2,500,1.0000
39,S2,baseline_20260513T232442Z.csv,eca_030,eca256,2,500,0.9997
40,S2,baseline_20260513T232442Z.csv,eca_032,eca256,2,500,0.0208
41,S2,baseline_20260513T232442Z.csv,eca_047,eca256,2,500,1.0000
42,S2,baseline_20260513T232442Z.csv,eca_048,eca256,2,500,0.0208
43,S2,baseline_20260513T232442Z.csv,eca_064,eca256,2,500,0.0208
44,S2,baseline_20260513T232442Z.csv,eca_084,eca256,2,500,0.0376
45,S2,baseline_20260513T232442Z.csv,eca_088,eca256,2,500,0.0208
46,S2,baseline_20260513T232442Z.csv,eca_107,eca256,2,500,0.9999
47,S2,baseline_20260513T232442Z.csv,eca_109,eca256,2,500,0.9170
48,S2,baseline_20260513T232442Z.csv,eca_111,eca256,2,500,0.9998
49,S2,baseline_20260513T232442Z.csv,eca_114,eca256,2,500,1.0000
50,S2,baseline_20260513T232442Z.csv,eca_120,eca256,2,500,0.0208
51,S2,baseline_20260513T232442Z.csv,eca_134,eca256,2,500,0.0376
52,S2,baseline_20260513T232442Z.csv,eca_145,eca256,2,500,0.9190
53,S2,baseline_20260513T232442Z.csv,eca_174,eca256,2,500,0.0376
54,S2,baseline_20260513T232442Z.csv,eca_200,eca256,2,500,0.0208
55,S2,baseline_20260513T232442Z.csv,eca_241,eca256,2,500,0.0376
56,S2,baseline_20260513T232442Z.csv,eca_250,eca256,2,500,1.0000
57,S3,baseline_20260514T024454Z.csv,A000002_a3,oeis_core,3,108,0.9998
58,S3,baseline_20260514T024454Z.csv,A000120_a7,oeis_core,7,105,2.2905
59,S3,baseline_20260514T024454Z.csv,A000203_a5,oeis_core,5,70,2.3115
60,S3,baseline_20260514T024454Z.csv,A000217_a5,oeis_core,5,54,1.5253
61,S3,baseline_20260514T024454Z.csv,A000290_a5,oeis_core,5,51,1.5365
62,S3,baseline_20260514T024454Z.csv,A000326_a7,oeis_core,7,47,1.9329
63,S3,baseline_20260514T024454Z.csv,A000796_a3,oeis_core,3,105,1.5627
64,S3,baseline_20260514T024454Z.csv,A000961_a4,oeis_core,4,64,1.4532
65,S3,baseline_20260514T024454Z.csv,A001055_a4,oeis_core,4,103,1.8752
66,S3,baseline_20260514T024454Z.csv,A001065_a7,oeis_core,7,80,2.4153
67,S3,baseline_20260514T024454Z.csv,A001113_a2,oeis_core,2,105,0.9994
68,S3,baseline_20260514T024454Z.csv,A001157_a5,oeis_core,5,50,1.2098
69,S3,baseline_20260514T024454Z.csv,A001227_a4,oeis_core,4,105,1.5458
70,S3,baseline_20260514T024454Z.csv,A001358_a3,oeis_core,3,61,1.5732
71,S3,baseline_20260514T024454Z.csv,A001477_a7,oeis_core,7,78,2.8067
72,S3,baseline_20260514T024454Z.csv,A001481_a3,oeis_core,3,66,1.4832
73,S3,baseline_20260514T024454Z.csv,A001481_a7,oeis_core,7,66,2.7285
74,S3,baseline_20260514T024454Z.csv,A001622_a5,oeis_core,5,105,2.3094
75,S3,baseline_20260514T024454Z.csv,A001969_a3,oeis_core,3,65,1.3707
76,S3,baseline_20260514T024454Z.csv,A002113_a2,oeis_core,2,61,0.9983
77,S3,baseline_20260514T024454Z.csv,A002378_a4,oeis_core,4,51,0.9997
78,S3,baseline_20260514T024454Z.csv,A003484_a4,oeis_core,4,102,1.4586
79,S3,baseline_20260514T024454Z.csv,A004011_a4,oeis_core,4,53,0.1350
80,S3,baseline_20260514T024454Z.csv,A004018_a2,oeis_core,2,102,0.0795
81,S3,baseline_20260514T024454Z.csv,A004159_a2,oeis_base,2,80,0.9778
82,S3,baseline_20260514T024454Z.csv,A005349_a4,oeis_base,4,61,1.8590
83,S3,baseline_20260514T024454Z.csv,A005811_a4,oeis_core,4,94,1.9971
84,S3,baseline_20260514T024454Z.csv,A006995_a2,oeis_base,2,58,0.1257
85,S3,baseline_20260514T024454Z.csv,A007090_a3,oeis_base,3,64,1.5846
86,S3,baseline_20260514T024454Z.csv,A007091_a4,oeis_base,4,66,1.9662
87,S3,baseline_20260514T024454Z.csv,A007092_a3,oeis_base,3,66,1.5850
88,S3,baseline_20260514T024454Z.csv,A007094_a4,oeis_base,4,74,1.9995
89,S3,baseline_20260514T024454Z.csv,A007095_a2,oeis_base,2,77,0.9901
90,S3,baseline_20260514T024454Z.csv,A007770_a3,oeis_base,3,54,1.2680
91,S3,baseline_20260514T024454Z.csv,A008277_a2,oeis_core,2,66,0.8660
92,S3,baseline_20260514T024454Z.csv,A008279_a5,oeis_core,5,55,1.9065
93,S3,baseline_20260514T024454Z.csv,A008292_a5,oeis_core,5,55,1.9928
94,S3,baseline_20260514T024454Z.csv,A011531_a3,oeis_base,3,53,1.5784
95,S3,baseline_20260514T024454Z.csv,A018252_a4,oeis_core,4,65,1.9150
96,S3,baseline_20260514T024454Z.csv,A020652_a7,oeis_core,7,97,2.7338
97,S3,baseline_20260514T024454Z.csv,A025487_a3,oeis_core,3,54,0.9864
98,S3,baseline_20260514T024454Z.csv,A027642_a3,oeis_core,3,62,1.1028
99,S3,baseline_20260514T024454Z.csv,A029447_a3,oeis_base,3,49,1.5770
100,S3,baseline_20260514T024454Z.csv,A029447_a4,oeis_base,4,49,1.3787
101,S3,baseline_20260514T024454Z.csv,A029518_a3,oeis_base,3,41,1.1057
102,S3,baseline_20260514T024454Z.csv,A031347_a4,oeis_base,4,87,1.6538
103,S3,baseline_20260514T024454Z.csv,A035327_a4,oeis_base,4,82,1.9996
104,S3,baseline_20260514T024454Z.csv,A036554_a4,oeis_base,4,59,0.8179
105,S3,baseline_20260514T024454Z.csv,A038567_a3,oeis_core,3,78,1.5702
106,S3,baseline_20260514T024454Z.csv,A038569_a2,oeis_core,2,94,0.9147
107,S3,baseline_20260514T024454Z.csv,A038618_a4,oeis_base,4,58,1.1065
108,S3,baseline_20260514T024454Z.csv,A043529_a4,oeis_base,4,91,0.3912
109,S3,baseline_20260514T024454Z.csv,A043537_a2,oeis_base,2,90,0.6991
110,S3,baseline_20260514T024454Z.csv,A044813_a3,oeis_base,3,59,1.5637
111,S3,baseline_20260514T024454Z.csv,A048724_a3,oeis_base,3,65,1.3707
112,S3,baseline_20260514T024454Z.csv,A054055_a3,oeis_base,3,105,1.5729
113,S3,baseline_20260514T024454Z.csv,A054055_a4,oeis_base,4,105,1.9630
114,S3,baseline_20260514T024454Z.csv,A055012_a3,oeis_base,3,60,1.5850
115,S3,baseline_20260514T024454Z.csv,A056964_a2,oeis_base,2,65,0.9792
116,S3,baseline_20260514T024454Z.csv,A062028_a2,oeis_base,2,71,0.9884
117,S3,baseline_20260514T024454Z.csv,A062756_a3,oeis_base,3,105,1.5751
118,S3,baseline_20260514T024454Z.csv,A078972_a2,oeis_base,2,55,0.3760
119,S3,baseline_20260514T024454Z.csv,A078972_a3,oeis_base,3,55,1.3010
120,S3,baseline_20260514T024454Z.csv,A091924_a4,oeis_base,4,49,1.1221
121,S3,baseline_20260514T024454Z.csv,A112798_a7,oeis_core,7,102,2.1505
122,S3,baseline_20260514T024454Z.csv,A175298_a2,oeis_base,2,73,0.1044
123,S3,baseline_20260514T024454Z.csv,A206913_a3,oeis_base,3,69,1.0026
124,S3,baseline_20260514T024454Z.csv,A206914_a3,oeis_base,3,68,0.9754
125,S3,baseline_20260514T024454Z.csv,A226898_a5,oeis_core,5,92,1.6385
126,S3,baseline_20260514T024454Z.csv,A233564_a3,oeis_base,3,62,1.5605
127,S3,baseline_20260514T024454Z.csv,A235394_a3,oeis_base,3,52,1.0847
128,S3,baseline_20260514T024454Z.csv,A235394_a4,oeis_base,4,52,1.1154
129,S3,baseline_20260514T024454Z.csv,A235395_a2,oeis_base,2,49,0.1437
130,S3,baseline_20260514T024454Z.csv,A246655_a3,oeis_core,3,61,1.2834
131,S3,baseline_20260514T024454Z.csv,A276086_a2,oeis_base,2,74,1.0000
132,S3,baseline_20260514T024454Z.csv,A385776_a2,oeis_base,2,41,0.1654
133,S4,baseline_20260520T155701Z.csv,tot3_0001,totalistic_3state,3,500,1.0000
134,S4,baseline_20260520T155701Z.csv,tot3_0006,totalistic_3state,3,500,0.0416
135,S4,baseline_20260520T155701Z.csv,tot3_0014,totalistic_3state,3,500,1.0336
136,S4,baseline_20260520T155701Z.csv,tot3_0023,totalistic_3state,3,500,1.0336
137,S4,baseline_20260520T155701Z.csv,tot3_0045,totalistic_3state,3,500,0.0208
138,S4,baseline_20260520T155701Z.csv,tot3_0051,totalistic_3state,3,500,0.0416
139,S4,baseline_20260520T155701Z.csv,tot3_0072,totalistic_3state,3,500,0.0208
140,S4,baseline_20260520T155701Z.csv,tot3_0104,totalistic_3state,3,500,1.0469
141,S4,baseline_20260520T155701Z.csv,tot3_0133,totalistic_3state,3,500,0.1391
142,S4,baseline_20260520T155701Z.csv,tot3_0135,totalistic_3state,3,500,0.0208
143,S4,baseline_20260520T155701Z.csv,tot3_0145,totalistic_3state,3,500,1.5558
144,S4,baseline_20260520T155701Z.csv,tot3_0146,totalistic_3state,3,500,1.5829
145,S4,baseline_20260520T155701Z.csv,tot3_0153,totalistic_3state,3,500,0.0208
146,S4,baseline_20260520T155701Z.csv,tot3_0156,totalistic_3state,3,500,0.2243
147,S4,baseline_20260520T155701Z.csv,tot3_0160,totalistic_3state,3,500,1.5000
148,S4,baseline_20260520T155701Z.csv,tot3_0176,totalistic_3state,3,500,1.5020
149,S4,baseline_20260520T155701Z.csv,tot3_0190,totalistic_3state,3,500,0.1184
150,S4,baseline_20260520T155701Z.csv,tot3_0205,totalistic_3state,3,500,0.1391
151,S4,baseline_20260520T155701Z.csv,tot3_0237,totalistic_3state,3,500,0.2217
152,S4,baseline_20260520T155701Z.csv,tot3_0244,totalistic_3state,3,500,1.0000
153,S4,baseline_20260520T155701Z.csv,tot3_0248,totalistic_3state,3,500,1.0336
154,S4,baseline_20260520T155701Z.csv,tot3_0249,totalistic_3state,3,500,0.0416
155,S4,baseline_20260520T155701Z.csv,tot3_0254,totalistic_3state,3,500,1.5154
156,S4,baseline_20260520T155701Z.csv,tot3_0267,totalistic_3state,3,500,0.0416
157,S4,baseline_20260520T155701Z.csv,tot3_0280,totalistic_3state,3,500,0.0376
158,S4,baseline_20260520T155701Z.csv,tot3_0288,totalistic_3state,3,500,0.0208
159,S4,baseline_20260520T155701Z.csv,tot3_0312,totalistic_3state,3,500,0.0416
160,S4,baseline_20260520T155701Z.csv,tot3_0314,totalistic_3state,3,500,1.0188
161,S4,baseline_20260520T155701Z.csv,tot3_0321,totalistic_3state,3,500,0.0416
162,S4,baseline_20260520T155701Z.csv,tot3_0342,totalistic_3state,3,500,0.0208
163,S4,baseline_20260520T155701Z.csv,tot3_0352,totalistic_3state,3,500,0.1184
164,S4,baseline_20260520T155701Z.csv,tot3_0359,totalistic_3state,3,500,1.0188
165,S4,baseline_20260520T155701Z.csv,tot3_0362,totalistic_3state,3,500,0.0416
166,S4,baseline_20260520T155701Z.csv,tot3_0376,totalistic_3state,3,500,1.0188
167,S4,baseline_20260520T155701Z.csv,tot3_0403,totalistic_3state,3,500,1.0188
168,S4,baseline_20260520T155701Z.csv,tot3_0451,totalistic_3state,3,500,0.0737
169,S4,baseline_20260520T155701Z.csv,tot3_0458,totalistic_3state,3,500,1.0188
170,S4,baseline_20260520T155701Z.csv,tot3_0480,totalistic_3state,3,500,0.1559
171,S4,baseline_20260520T155701Z.csv,tot3_0482,totalistic_3state,3,500,1.0290
172,S4,baseline_20260520T155701Z.csv,tot3_0496,totalistic_3state,3,500,1.0000
173,S4,baseline_20260520T155701Z.csv,tot3_0498,totalistic_3state,3,500,0.1301
174,S4,baseline_20260520T155701Z.csv,tot3_0507,totalistic_3state,3,500,0.0752
175,S4,baseline_20260520T155701Z.csv,tot3_0515,totalistic_3state,3,500,1.0188
176,S4,baseline_20260520T155701Z.csv,tot3_0521,totalistic_3state,3,500,1.0188
177,S4,baseline_20260520T155701Z.csv,tot3_0545,totalistic_3state,3,500,1.0336
178,S4,baseline_20260520T155701Z.csv,tot3_0548,totalistic_3state,3,500,1.0188
179,S4,baseline_20260520T155701Z.csv,tot3_0560,totalistic_3state,3,500,1.0188
180,S4,baseline_20260520T155701Z.csv,tot3_0562,totalistic_3state,3,500,1.5849
181,S4,baseline_20260520T155701Z.csv,tot3_0569,totalistic_3state,3,500,1.0188
182,S4,baseline_20260520T155701Z.csv,tot3_0593,totalistic_3state,3,500,1.0188
183,S4,baseline_20260520T155701Z.csv,tot3_0594,totalistic_3state,3,500,0.0208
184,S4,baseline_20260520T155701Z.csv,tot3_0600,totalistic_3state,3,500,1.4879
185,S4,baseline_20260520T155701Z.csv,tot3_0604,totalistic_3state,3,500,0.0376
186,S4,baseline_20260520T155701Z.csv,tot3_0664,totalistic_3state,3,500,1.5756
187,S4,baseline_20260520T155701Z.csv,tot3_0674,totalistic_3state,3,500,1.0188
188,S4,baseline_20260520T155701Z.csv,tot3_0696,totalistic_3state,3,500,0.2266
189,S4,baseline_20260520T155701Z.csv,tot3_0706,totalistic_3state,3,500,1.5849
190,S4,baseline_20260520T155701Z.csv,tot3_0731,totalistic_3state,3,500,1.5850
191,S4,baseline_20260520T155701Z.csv,tot3_0744,totalistic_3state,3,500,0.0752
192,S4,baseline_20260520T155701Z.csv,tot3_0763,totalistic_3state,3,500,1.4476
193,S4,baseline_20260520T155701Z.csv,tot3_0767,totalistic_3state,3,500,0.0584
194,S4,baseline_20260520T155701Z.csv,tot3_0816,totalistic_3state,3,500,0.0584
195,S4,baseline_20260520T155701Z.csv,tot3_0818,totalistic_3state,3,500,1.5850
196,S4,baseline_20260520T155701Z.csv,tot3_0839,totalistic_3state,3,500,1.5613
197,S4,baseline_20260520T155701Z.csv,tot3_0843,totalistic_3state,3,500,1.4836
198,S4,baseline_20260520T155701Z.csv,tot3_0863,totalistic_3state,3,500,0.0208
199,S4,baseline_20260520T155701Z.csv,tot3_0870,totalistic_3state,3,500,1.0336
200,S4,baseline_20260520T155701Z.csv,tot3_0892,totalistic_3state,3,500,1.0000
201,S4,baseline_20260520T155701Z.csv,tot3_0899,totalistic_3state,3,500,1.5850
202,S4,baseline_20260520T155701Z.csv,tot3_0951,totalistic_3state,3,500,0.0752
203,S4,baseline_20260520T155701Z.csv,tot3_0953,totalistic_3state,3,500,1.0000
204,S4,baseline_20260520T155701Z.csv,tot3_0964,totalistic_3state,3,500,1.3939
205,S4,baseline_20260520T155701Z.csv,tot3_0977,totalistic_3state,3,500,1.5850
206,S4,baseline_20260520T155701Z.csv,tot3_0984,totalistic_3state,3,500,0.1301
207,S4,baseline_20260520T155701Z.csv,tot3_1017,totalistic_3state,3,500,0.0208
208,S4,baseline_20260520T155701Z.csv,tot3_1025,totalistic_3state,3,500,0.0208
209,S4,baseline_20260520T155701Z.csv,tot3_1035,totalistic_3state,3,500,0.0208
210,S4,baseline_20260520T155701Z.csv,tot3_1054,totalistic_3state,3,500,1.0000
211,S4,baseline_20260520T155701Z.csv,tot3_1069,totalistic_3state,3,500,1.2087
212,S4,baseline_20260520T155701Z.csv,tot3_1097,totalistic_3state,3,500,0.0208
213,S4,baseline_20260520T155701Z.csv,tot3_1105,totalistic_3state,3,500,0.0208
214,S4,baseline_20260520T155701Z.csv,tot3_1115,totalistic_3state,3,500,1.0000
215,S4,baseline_20260520T155701Z.csv,tot3_1127,totalistic_3state,3,500,1.0188
216,S4,baseline_20260520T155701Z.csv,tot3_1130,totalistic_3state,3,500,1.0000
217,S4,baseline_20260520T155701Z.csv,tot3_1144,totalistic_3state,3,500,1.0000
218,S4,baseline_20260520T155701Z.csv,tot3_1148,totalistic_3state,3,500,1.5542
219,S4,baseline_20260520T155701Z.csv,tot3_1157,totalistic_3state,3,500,1.5850
220,S4,baseline_20260520T155701Z.csv,tot3_1167,totalistic_3state,3,500,0.0808
221,S4,baseline_20260520T155701Z.csv,tot3_1194,totalistic_3state,3,500,0.0208
222,S4,baseline_20260520T155701Z.csv,tot3_1197,totalistic_3state,3,500,0.0208
223,S4,baseline_20260520T155701Z.csv,tot3_1200,totalistic_3state,3,500,1.0000
224,S4,baseline_20260520T155701Z.csv,tot3_1204,totalistic_3state,3,500,1.0000
225,S4,baseline_20260520T155701Z.csv,tot3_1213,totalistic_3state,3,500,1.0000
226,S4,baseline_20260520T155701Z.csv,tot3_1217,totalistic_3state,3,500,1.5850
227,S4,baseline_20260520T155701Z.csv,tot3_1218,totalistic_3state,3,500,0.0376
228,S4,baseline_20260520T155701Z.csv,tot3_1239,totalistic_3state,3,500,0.9190
229,S4,baseline_20260520T155701Z.csv,tot3_1250,totalistic_3state,3,500,0.0208
230,S4,baseline_20260520T155701Z.csv,tot3_1251,totalistic_3state,3,500,0.0208
231,S4,baseline_20260520T155701Z.csv,tot3_1270,totalistic_3state,3,500,1.1022
232,S4,baseline_20260520T155701Z.csv,tot3_1282,totalistic_3state,3,500,1.0000
233,S4,baseline_20260520T155701Z.csv,tot3_1316,totalistic_3state,3,500,1.5688
234,S4,baseline_20260520T155701Z.csv,tot3_1318,totalistic_3state,3,500,1.0000
235,S4,baseline_20260520T155701Z.csv,tot3_1325,totalistic_3state,3,500,1.5613
236,S4,baseline_20260520T155701Z.csv,tot3_1329,totalistic_3state,3,500,1.3953
237,S4,baseline_20260520T155701Z.csv,tot3_1349,totalistic_3state,3,500,0.0208
238,S4,baseline_20260520T155701Z.csv,tot3_1350,totalistic_3state,3,500,0.0208
239,S4,baseline_20260520T155701Z.csv,tot3_1355,totalistic_3state,3,500,1.0000
240,S4,baseline_20260520T155701Z.csv,tot3_1371,totalistic_3state,3,500,1.0000
241,S4,baseline_20260520T155701Z.csv,tot3_1376,totalistic_3state,3,500,1.0000
242,S4,baseline_20260520T155701Z.csv,tot3_1411,totalistic_3state,3,500,0.1184
243,S4,baseline_20260520T155701Z.csv,tot3_1418,totalistic_3state,3,500,0.1063
244,S4,baseline_20260520T155701Z.csv,tot3_1425,totalistic_3state,3,500,0.2778
245,S4,baseline_20260520T155701Z.csv,tot3_1442,totalistic_3state,3,500,1.0188
246,S4,baseline_20260520T155701Z.csv,tot3_1446,totalistic_3state,3,500,1.0000
247,S4,baseline_20260520T155701Z.csv,tot3_1450,totalistic_3state,3,500,1.0336
248,S4,baseline_20260520T155701Z.csv,tot3_1464,totalistic_3state,3,500,0.0584
249,S4,baseline_20260520T155701Z.csv,tot3_1476,totalistic_3state,3,500,0.0208
250,S4,baseline_20260520T155701Z.csv,tot3_1485,totalistic_3state,3,500,0.0208
251,S4,baseline_20260520T155701Z.csv,tot3_1516,totalistic_3state,3,500,0.0376
252,S4,baseline_20260520T155701Z.csv,tot3_1534,totalistic_3state,3,500,0.0376
253,S4,baseline_20260520T155701Z.csv,tot3_1537,totalistic_3state,3,500,0.0208
254,S4,baseline_20260520T155701Z.csv,tot3_1553,totalistic_3state,3,500,1.5350
255,S4,baseline_20260520T155701Z.csv,tot3_1597,totalistic_3state,3,500,0.0376
256,S4,baseline_20260520T155701Z.csv,tot3_1608,totalistic_3state,3,500,1.4973
257,S4,baseline_20260520T155701Z.csv,tot3_1621,totalistic_3state,3,500,1.0000
258,S4,baseline_20260520T155701Z.csv,tot3_1624,totalistic_3state,3,500,1.0000
259,S4,baseline_20260520T155701Z.csv,tot3_1626,totalistic_3state,3,500,0.0208
260,S4,baseline_20260520T155701Z.csv,tot3_1642,totalistic_3state,3,500,1.0000
261,S4,baseline_20260520T155701Z.csv,tot3_1646,totalistic_3state,3,500,0.0208
262,S4,baseline_20260520T155701Z.csv,tot3_1678,totalistic_3state,3,500,0.0376
263,S4,baseline_20260520T155701Z.csv,tot3_1682,totalistic_3state,3,500,0.0208
264,S4,baseline_20260520T155701Z.csv,tot3_1690,totalistic_3state,3,500,0.0737
265,S4,baseline_20260520T155701Z.csv,tot3_1699,totalistic_3state,3,500,0.0208
266,S4,baseline_20260520T155701Z.csv,tot3_1700,totalistic_3state,3,500,0.0208
267,S4,baseline_20260520T155701Z.csv,tot3_1710,totalistic_3state,3,500,0.0208
268,S4,baseline_20260520T155701Z.csv,tot3_1713,totalistic_3state,3,500,0.1301
269,S4,baseline_20260520T155701Z.csv,tot3_1714,totalistic_3state,3,500,1.0000
270,S4,baseline_20260520T155701Z.csv,tot3_1721,totalistic_3state,3,500,0.0416
271,S4,baseline_20260520T155701Z.csv,tot3_1727,totalistic_3state,3,500,0.0208
272,S4,baseline_20260520T155701Z.csv,tot3_1756,totalistic_3state,3,500,0.2480
273,S4,baseline_20260520T155701Z.csv,tot3_1784,totalistic_3state,3,500,1.3013
274,S4,baseline_20260520T155701Z.csv,tot3_1817,totalistic_3state,3,500,0.0208
275,S4,baseline_20260520T155701Z.csv,tot3_1842,totalistic_3state,3,500,1.5558
276,S4,baseline_20260520T155701Z.csv,tot3_1874,totalistic_3state,3,500,1.3026
277,S4,baseline_20260520T155701Z.csv,tot3_1897,totalistic_3state,3,500,0.0208
278,S4,baseline_20260520T155701Z.csv,tot3_1940,totalistic_3state,3,500,0.0376
279,S4,baseline_20260520T155701Z.csv,tot3_1942,totalistic_3state,3,500,0.0208
280,S4,baseline_20260520T155701Z.csv,tot3_1943,totalistic_3state,3,500,0.0208
281,S4,baseline_20260520T155701Z.csv,tot3_1962,totalistic_3state,3,500,0.0208
282,S4,baseline_20260520T155701Z.csv,tot3_1966,totalistic_3state,3,500,1.0000
283,S4,baseline_20260520T155701Z.csv,tot3_1973,totalistic_3state,3,500,0.1391
284,S4,baseline_20260520T155701Z.csv,tot3_1981,totalistic_3state,3,500,0.0376
285,S4,baseline_20260520T155701Z.csv,tot3_1982,totalistic_3state,3,500,0.0584
286,S4,baseline_20260520T155701Z.csv,tot3_1998,totalistic_3state,3,500,0.0208
287,S4,baseline_20260520T155701Z.csv,tot3_1999,totalistic_3state,3,500,0.2480
288,S4,baseline_20260520T155701Z.csv,tot3_2025,totalistic_3state,3,500,0.0208
289,S4,baseline_20260520T155701Z.csv,tot3_2029,totalistic_3state,3,500,1.0000
290,S4,baseline_20260520T155701Z.csv,tot3_2041,totalistic_3state,3,500,1.4266
291,S4,baseline_20260520T155701Z.csv,tot3_2059,totalistic_3state,3,500,0.0208
292,S4,baseline_20260520T155701Z.csv,tot3_2062,totalistic_3state,3,500,0.0376
293,S4,baseline_20260520T155701Z.csv,tot3_2076,totalistic_3state,3,500,1.0000
294,S4,baseline_20260520T155701Z.csv,tot3_2084,totalistic_3state,3,500,0.0529
295,S4,baseline_20260520T155701Z.csv,tot3_2097,totalistic_3state,3,500,0.0208
296,S4,baseline_20260520T155701Z.csv,tot3_2125,totalistic_3state,3,500,0.0905
297,S4,baseline_20260520T155701Z.csv,tot3_2134,totalistic_3state,3,500,0.1184
298,S4,baseline_20260520T155701Z.csv,tot3_2151,totalistic_3state,3,500,0.0208
299,S4,baseline_20260520T155701Z.csv,tot3_2152,totalistic_3state,3,500,0.0752
300,S4,baseline_20260520T155701Z.csv,tot3_2175,totalistic_3state,3,500,0.0208
301,S2,baseline_20260513T232442Z.csv,eca_009,eca256,2,500,1.0000
302,S2,baseline_20260513T232442Z.csv,eca_021,eca256,2,500,1.0000
303,S2,baseline_20260513T232442Z.csv,eca_025,eca256,2,500,1.0000
304,S2,baseline_20260513T232442Z.csv,eca_031,eca256,2,500,1.0000
305,S2,baseline_20260513T232442Z.csv,eca_043,eca256,2,500,1.0000
306,S2,baseline_20260513T232442Z.csv,eca_055,eca256,2,500,1.0000
307,S2,baseline_20260513T232442Z.csv,eca_065,eca256,2,500,1.0000
308,S2,baseline_20260513T232442Z.csv,eca_083,eca256,2,500,1.0000
309,S2,baseline_20260513T232442Z.csv,eca_085,eca256,2,500,1.0000
310,S2,baseline_20260513T232442Z.csv,eca_095,eca256,2,500,1.0000
311,S2,baseline_20260513T232442Z.csv,eca_099,eca256,2,500,0.9190
312,S2,baseline_20260513T232442Z.csv,eca_115,eca256,2,500,1.0000
313,S2,baseline_20260513T232442Z.csv,eca_117,eca256,2,500,1.0000
314,S2,baseline_20260513T232442Z.csv,eca_121,eca256,2,500,0.9999
315,S2,baseline_20260513T232442Z.csv,eca_122,eca256,2,500,1.0000
316,S2,baseline_20260513T232442Z.csv,eca_149,eca256,2,500,0.9967
317,S2,baseline_20260513T232442Z.csv,eca_163,eca256,2,500,1.0000
318,S2,baseline_20260513T232442Z.csv,eca_178,eca256,2,500,1.0000
319,S2,baseline_20260513T232442Z.csv,eca_193,eca256,2,500,0.9866
320,S2,baseline_20260513T232442Z.csv,eca_214,eca256,2,500,0.8113
