sample_idx,original_id,shuffled_id,population,category,A,N,seed,original_multiset_sha,shuffled_multiset_sha,first5_orig,first5_shuf
0,A005265_a2,A005265_a2_shuf,S1,oeis_hard,2,53,7813800390005147735,87d5f911c341195b,87d5f911c341195b,1 0 1 1 1,1 1 1 1 1
1,A071028_a3,A071028_a3_shuf,S1,oeis_cellular,3,99,11340746600624389424,0ae268c284f932fc,0ae268c284f932fc,1 1 0 1 1,0 0 0 0 1
2,A071035_a3,A071035_a3_shuf,S1,oeis_cellular,3,100,5520049593004446917,354a21b4425f781e,354a21b4425f781e,1 1 1 1 1,1 0 0 0 1
3,A071036_a2,A071036_a2_shuf,S1,oeis_cellular,2,99,11527690659266448562,f6f578aa48580ac3,f6f578aa48580ac3,1 1 1 1 1,1 0 1 0 0
4,A071037_a2,A071037_a2_shuf,S1,oeis_cellular,2,99,7146735547616493372,5f3e72a12369d06e,5f3e72a12369d06e,1 1 1 1 1,0 0 1 0 1
5,A071047_a3,A071047_a3_shuf,S1,oeis_cellular,3,68,14408533215311760845,f9f803a4dcb6bad6,f9f803a4dcb6bad6,1 0 0 0 2,1 2 2 0 1
6,A072495_a3,A072495_a3_shuf,S1,oeis_morphic,3,70,10413449848756473293,01a28cfe36fec757,01a28cfe36fec757,0 1 2 0 1,0 0 0 1 2
7,A079315_a2,A079315_a2_shuf,S1,oeis_cellular,2,61,9133150865762594305,0635ba8174c5f6ef,0635ba8174c5f6ef,0 1 0 0 0,0 0 0 0 0
8,A093514_a3,A093514_a3_shuf,S1,oeis_cellular,3,62,3343519822628400561,dbbbb5372e271543,dbbbb5372e271543,2 0 1 0 2,1 0 2 0 0
9,A093516_a3,A093516_a3_shuf,S1,oeis_cellular,3,61,15654792383860085642,4c2bc25b811ff65e,4c2bc25b811ff65e,1 0 1 1 1,0 1 0 2 1
10,A128154_a3,A128154_a3_shuf,S1,oeis_hard,3,50,7867740185112217986,ecbd4b86c4d93d39,ecbd4b86c4d93d39,1 0 2 2 0,1 1 0 2 1
11,A128159_a2,A128159_a2_shuf,S1,oeis_hard,2,53,11985125580605998500,3e8bec9001eacaa1,3e8bec9001eacaa1,0 1 0 1 1,1 1 1 1 0
12,A173456_a2,A173456_a2_shuf,S1,oeis_cellular,2,49,7935020293897109744,d7346644834fcd00,d7346644834fcd00,0 1 1 1 1,1 1 1 1 1
13,A173457_a2,A173457_a2_shuf,S1,oeis_cellular,2,61,16784513816079767453,0635ba8174c5f6ef,0635ba8174c5f6ef,0 1 0 0 0,0 0 0 0 0
14,A231348_a3,A231348_a3_shuf,S1,oeis_cellular,3,65,14457980292518538233,99a0d03b37b4f13c,99a0d03b37b4f13c,0 1 0 1 2,0 2 2 0 1
15,A265225_a2,A265225_a2_shuf,S1,oeis_cellular,2,53,11312813701364990145,9bf6985dc5a084de,9bf6985dc5a084de,1 0 0 0 1,0 0 0 1 0
16,A266282_a3,A266282_a3_shuf,S1,oeis_cellular,3,86,3541022925563082463,bb611933521fadff,bb611933521fadff,1 0 1 0 0,1 0 0 0 1
17,A266441_a3,A266441_a3_shuf,S1,oeis_cellular,3,86,2184966967142381017,667c4f5ec452aa69,667c4f5ec452aa69,1 0 0 1 0,1 1 1 1 0
18,A266716_a3,A266716_a3_shuf,S1,oeis_cellular,3,86,10533447707504009120,e3b3d9e8ac6b4da5,e3b3d9e8ac6b4da5,1 1 0 1 0,1 1 0 0 1
19,A266786_a2,A266786_a2_shuf,S1,oeis_cellular,2,86,9737381838723818768,e3b3d9e8ac6b4da5,e3b3d9e8ac6b4da5,1 0 1 1 0,0 1 1 1 0
20,A267015_a2,A267015_a2_shuf,S1,oeis_cellular,2,86,11854044930686117776,004a33bcafd87bb4,004a33bcafd87bb4,1 1 0 1 0,0 1 1 0 1
21,A267463_a3,A267463_a3_shuf,S1,oeis_cellular,3,86,7149214325103165654,93f23ef83e08f4e6,93f23ef83e08f4e6,1 0 0 0 0,1 0 0 1 1
22,A267576_a2,A267576_a2_shuf,S1,oeis_cellular,2,86,12960493142200746138,b3a7adc9f1396dd1,b3a7adc9f1396dd1,1 1 1 0 1,1 0 0 1 0
23,A267870_a3,A267870_a3_shuf,S1,oeis_cellular,3,86,11810419884519417011,03da2222899aeecf,03da2222899aeecf,1 0 1 0 1,1 1 1 1 1
24,A277799_a2,A277799_a2_shuf,S1,oeis_cellular,2,43,11488254072411051258,a6687f3db38ca20b,a6687f3db38ca20b,1 0 1 0 1,1 0 0 1 1
25,A299477_a3,A299477_a3_shuf,S1,oeis_cellular,3,49,8231270387255270838,9ee129f156d7b5ba,9ee129f156d7b5ba,1 2 1 0 2,2 0 0 1 1
26,A334496_a2,A334496_a2_shuf,S1,oeis_cellular,2,42,10594507033392050583,2c6e14e2e98d053e,2c6e14e2e98d053e,1 1 1 0 1,1 0 1 0 0
27,A334499_a2,A334499_a2_shuf,S1,oeis_cellular,2,40,4036982768420909869,8881c033bdab369e,8881c033bdab369e,0 0 0 0 0,1 0 1 0 0
28,collatz_k11_c3_b3,collatz_k11_c3_b3_shuf,S1,collatz_grid,3,200,14310068206120188140,8b9bce411d6fc8eb,8b9bce411d6fc8eb,0 1 0 2 0,0 0 0 0 0
29,collatz_k11_c7_b2,collatz_k11_c7_b2_shuf,S1,collatz_grid,2,200,17356104816657076728,9dca7ce44ceaaca4,9dca7ce44ceaaca4,0 1 0 0 0,0 0 0 0 0
30,collatz_k3_c3_b2,collatz_k3_c3_b2_shuf,S1,collatz_grid,2,200,2892488681001420868,1f4f9b974a866fa0,1f4f9b974a866fa0,0 1 0 0 0,0 0 0 0 0
31,collatz_k5_c1_b2,collatz_k5_c1_b2_shuf,S1,collatz_grid,2,200,10679055358161975018,8580b7630b06be28,8580b7630b06be28,0 1 1 0 0,0 0 0 0 0
32,collatz_k5_c1_b3,collatz_k5_c1_b3_shuf,S1,collatz_grid,3,200,15334456089088176986,c1b3ea8d06084935,c1b3ea8d06084935,0 1 2 2 1,0 0 0 1 1
33,collatz_k5_c3_b2,collatz_k5_c3_b2_shuf,S1,collatz_grid,2,200,17363598142720180746,9dca7ce44ceaaca4,9dca7ce44ceaaca4,0 1 0 0 0,0 0 0 0 0
34,collatz_k5_c3_b3,collatz_k5_c3_b3_shuf,S1,collatz_grid,3,200,16178755154020860349,571bacc17fdbe810,571bacc17fdbe810,0 1 1 2 0,0 0 0 0 0
35,collatz_k9_c5_b4,collatz_k9_c5_b4_shuf,S1,collatz_grid,4,200,4851428508829848952,e39ed0be370fc3ed,e39ed0be370fc3ed,0 1 2 2 0,0 0 0 0 0
36,collatz_k9_c7_b4,collatz_k9_c7_b4_shuf,S1,collatz_grid,4,200,17702610290085311040,8990b19e78c6f830,8990b19e78c6f830,0 1 0 2 0,0 0 0 0 0
37,eca_015,eca_015_shuf,S2,eca256,2,500,467836260061338068,1729ce92c1f03d13,1729ce92c1f03d13,1 1 0 1 0,1 1 1 1 0
38,eca_027,eca_027_shuf,S2,eca256,2,500,15240858462306978958,f64da1c142bddcd2,f64da1c142bddcd2,1 0 0 1 0,1 1 1 0 0
39,eca_030,eca_030_shuf,S2,eca256,2,500,10478679662539196811,0dec1d466697dca2,0dec1d466697dca2,1 1 0 1 1,1 0 0 0 0
40,eca_032,eca_032_shuf,S2,eca256,2,500,15226692497129403917,2a043b69e9a3de6a,2a043b69e9a3de6a,1 0 0 0 0,0 0 0 0 0
41,eca_047,eca_047_shuf,S2,eca256,2,500,12104904288725504035,1729ce92c1f03d13,1729ce92c1f03d13,1 1 0 1 0,1 1 1 1 1
42,eca_048,eca_048_shuf,S2,eca256,2,500,15966811456268520901,2a043b69e9a3de6a,2a043b69e9a3de6a,1 0 0 0 0,0 0 0 0 0
43,eca_064,eca_064_shuf,S2,eca256,2,500,630770413111566650,2a043b69e9a3de6a,2a043b69e9a3de6a,1 0 0 0 0,0 0 0 0 0
44,eca_084,eca_084_shuf,S2,eca256,2,500,9312828669196561782,697a1466698e4d1b,697a1466698e4d1b,1 1 0 0 0,0 0 0 0 0
45,eca_088,eca_088_shuf,S2,eca256,2,500,257378015383283177,2a043b69e9a3de6a,2a043b69e9a3de6a,1 0 0 0 0,0 0 0 0 0
46,eca_107,eca_107_shuf,S2,eca256,2,500,10232941147903451796,0326f5fef3e717c1,0326f5fef3e717c1,1 0 0 1 1,0 0 1 0 1
47,eca_109,eca_109_shuf,S2,eca256,2,500,12117584983558086435,93b34a6c275d29ea,93b34a6c275d29ea,1 1 1 0 1,0 1 1 1 1
48,eca_111,eca_111_shuf,S2,eca256,2,500,9484736042119268095,39d99fbaeb2c6c35,39d99fbaeb2c6c35,1 1 1 1 1,1 1 1 1 1
49,eca_114,eca_114_shuf,S2,eca256,2,500,2628383213321477117,f64da1c142bddcd2,f64da1c142bddcd2,1 0 1 0 1,1 1 0 0 1
50,eca_120,eca_120_shuf,S2,eca256,2,500,2562672194042770030,2a043b69e9a3de6a,2a043b69e9a3de6a,1 0 0 0 0,0 0 0 0 0
51,eca_134,eca_134_shuf,S2,eca256,2,500,4463147190706765807,697a1466698e4d1b,697a1466698e4d1b,1 1 0 0 0,0 0 0 0 0
52,eca_145,eca_145_shuf,S2,eca256,2,500,14850032159984654819,1c3f516659589b12,1c3f516659589b12,1 0 0 1 0,0 1 0 0 0
53,eca_174,eca_174_shuf,S2,eca256,2,500,7367794257451357408,697a1466698e4d1b,697a1466698e4d1b,1 1 0 0 0,0 0 0 0 0
54,eca_200,eca_200_shuf,S2,eca256,2,500,17800185070985002105,2a043b69e9a3de6a,2a043b69e9a3de6a,1 0 0 0 0,0 0 0 0 0
55,eca_241,eca_241_shuf,S2,eca256,2,500,17574421665121918251,32589b87c33b18ad,32589b87c33b18ad,1 0 0 1 1,1 1 1 1 1
56,eca_250,eca_250_shuf,S2,eca256,2,500,16704273241089847933,f64da1c142bddcd2,f64da1c142bddcd2,1 0 1 0 1,0 1 0 1 1
57,A000002_a3,A000002_a3_shuf,S3,oeis_core,3,108,4498727952449902630,4b02b6fb26002c5f,4b02b6fb26002c5f,1 2 2 1 1,1 2 2 2 1
58,A000120_a7,A000120_a7_shuf,S3,oeis_core,7,105,14722795200430818796,f809ccecf1ca9472,f809ccecf1ca9472,0 1 1 2 1,4 3 1 1 4
59,A000203_a5,A000203_a5_shuf,S3,oeis_core,5,70,10954184504404266474,145ad446a8905425,145ad446a8905425,1 3 4 2 1,3 4 2 2 0
60,A000217_a5,A000217_a5_shuf,S3,oeis_core,5,54,4095051682990031460,1363aa8678597065,1363aa8678597065,0 1 3 1 0,0 1 3 1 0
61,A000290_a5,A000290_a5_shuf,S3,oeis_core,5,51,14465224123001114634,0df911406697cf86,0df911406697cf86,0 1 4 4 1,4 4 4 0 1
62,A000326_a7,A000326_a7_shuf,S3,oeis_core,7,47,9867907290205921181,2d1d170b2abbd150,2d1d170b2abbd150,0 1 5 5 1,5 1 2 0 2
63,A000796_a3,A000796_a3_shuf,S3,oeis_core,3,105,6837635938112456315,75e35f30992efb6b,75e35f30992efb6b,0 1 1 1 2,0 1 0 0 0
64,A000961_a4,A000961_a4_shuf,S3,oeis_core,4,64,7063565993163818784,417aafd88a3dc898,417aafd88a3dc898,1 2 3 0 1,1 1 1 1 1
65,A001055_a4,A001055_a4_shuf,S3,oeis_core,4,103,11026409406840450147,fb00f4382daa8efd,fb00f4382daa8efd,1 1 1 2 1,2 3 2 1 2
66,A001065_a7,A001065_a7_shuf,S3,oeis_core,7,80,6607825996231123780,8a92053902dff57a,8a92053902dff57a,0 1 1 3 1,0 1 0 6 2
67,A001113_a2,A001113_a2_shuf,S3,oeis_core,2,105,10507582671516556160,ab84810cb141ea5b,ab84810cb141ea5b,0 1 1 0 0,1 1 0 1 1
68,A001157_a5,A001157_a5_shuf,S3,oeis_core,5,50,5520145023454167248,c937e9566d564a8c,c937e9566d564a8c,1 0 0 1 1,0 1 0 2 0
69,A001227_a4,A001227_a4_shuf,S3,oeis_core,4,105,8505997488240922966,0171f721575f640c,0171f721575f640c,1 1 2 1 2,2 2 2 2 0
70,A001358_a3,A001358_a3_shuf,S3,oeis_core,3,61,2423371137988324533,e524f9a0fa71073a,e524f9a0fa71073a,1 0 0 1 2,2 1 1 0 1
71,A001477_a7,A001477_a7_shuf,S3,oeis_core,7,78,3152664071715221722,aa8acbc58de30192,aa8acbc58de30192,0 1 2 3 4,4 0 2 0 5
72,A001481_a3,A001481_a3_shuf,S3,oeis_core,3,66,8229187868090384472,349d6e4ab8680f7b,349d6e4ab8680f7b,0 1 2 1 2,2 2 0 1 0
73,A001481_a7,A001481_a7_shuf,S3,oeis_core,7,66,18242930637346037975,2c6735d5a1086874,2c6735d5a1086874,0 1 2 4 5,4 1 2 5 4
74,A001622_a5,A001622_a5_shuf,S3,oeis_core,5,105,5963798298042821355,6b245e3433662a68,6b245e3433662a68,1 1 1 3 0,2 3 2 4 3
75,A001969_a3,A001969_a3_shuf,S3,oeis_core,3,65,9989792987723914183,22d1dc4777bdf220,22d1dc4777bdf220,0 0 2 0 0,2 2 2 1 0
76,A002113_a2,A002113_a2_shuf,S3,oeis_core,2,61,11956104327955482838,fbe3be95cf711d40,fbe3be95cf711d40,0 1 0 1 0,0 1 1 1 0
77,A002378_a4,A002378_a4_shuf,S3,oeis_core,4,51,9234076969134924494,f117461a2995dd79,f117461a2995dd79,0 2 2 0 0,2 2 2 2 2
78,A003484_a4,A003484_a4_shuf,S3,oeis_core,4,102,15835098099326066756,6dc244a672de3eb8,6dc244a672de3eb8,1 2 1 0 1,0 2 2 2 1
79,A004011_a4,A004011_a4_shuf,S3,oeis_core,4,53,9177196728010055838,26ec66df3cbd259c,26ec66df3cbd259c,1 0 0 0 0,0 0 0 0 0
80,A004018_a2,A004018_a2_shuf,S3,oeis_core,2,102,1957849608788685825,99b44cce0a4a64d4,99b44cce0a4a64d4,1 0 0 0 0,0 0 0 0 0
81,A004159_a2,A004159_a2_shuf,S3,oeis_base,2,80,4640237965427640243,454ff3fb25266ff4,454ff3fb25266ff4,0 1 0 1 1,0 0 0 0 0
82,A005349_a4,A005349_a4_shuf,S3,oeis_base,4,61,4485962368501688974,0c3f4349a60ce87a,0c3f4349a60ce87a,1 2 3 0 1,2 2 1 2 3
83,A005811_a4,A005811_a4_shuf,S3,oeis_core,4,94,17168781147077466886,9589d2335b11ac1b,9589d2335b11ac1b,0 1 2 1 2,2 1 1 1 3
84,A006995_a2,A006995_a2_shuf,S3,oeis_base,2,58,5345121530479897512,e794ec3a2342d708,e794ec3a2342d708,0 1 1 1 1,1 1 1 1 1
85,A007090_a3,A007090_a3_shuf,S3,oeis_base,3,64,17966259255698853960,7ebc7b35ffd89e70,7ebc7b35ffd89e70,0 1 2 0 1,2 1 1 0 0
86,A007091_a4,A007091_a4_shuf,S3,oeis_base,4,66,12002869271837803860,7c01d5e2fcf82631,7c01d5e2fcf82631,0 1 2 3 0,3 0 2 3 1
87,A007092_a3,A007092_a3_shuf,S3,oeis_base,3,66,6390781428753843752,47b68046a6ffd631,47b68046a6ffd631,0 1 2 0 1,0 0 2 1 0
88,A007094_a4,A007094_a4_shuf,S3,oeis_base,4,74,6076837362942226068,e5e881c2a4140191,e5e881c2a4140191,0 1 2 3 0,0 2 2 0 1
89,A007095_a2,A007095_a2_shuf,S3,oeis_base,2,77,8129614510063425123,bfefcfde470f2135,bfefcfde470f2135,0 1 0 1 0,1 0 0 0 0
90,A007770_a3,A007770_a3_shuf,S3,oeis_base,3,54,18319953620714990048,9b2c94e6f424c52f,9b2c94e6f424c52f,1 1 1 1 1,2 0 2 1 2
91,A008277_a2,A008277_a2_shuf,S3,oeis_core,2,66,5883313010022665376,8830392dafd46134,8830392dafd46134,1 1 1 1 1,1 1 1 1 0
92,A008279_a5,A008279_a5_shuf,S3,oeis_core,5,55,2284919503757331780,7de77ea421b87d0f,7de77ea421b87d0f,1 1 1 1 2,1 0 4 1 1
93,A008292_a5,A008292_a5_shuf,S3,oeis_core,5,55,16910284056509023993,06dc11f317f48c47,06dc11f317f48c47,1 1 1 1 4,1 1 0 1 1
94,A011531_a3,A011531_a3_shuf,S3,oeis_base,3,53,12450883852347564957,a2d9f9fa9870372e,a2d9f9fa9870372e,1 1 2 0 1,1 0 1 0 2
95,A018252_a4,A018252_a4_shuf,S3,oeis_core,4,65,2333248971492298810,55e05adbe66c11c6,55e05adbe66c11c6,1 0 2 0 1,0 3 1 1 1
96,A020652_a7,A020652_a7_shuf,S3,oeis_core,7,97,17189949644323134550,0d5fd0fde0eaeca1,0d5fd0fde0eaeca1,1 1 2 1 3,4 2 1 6 2
97,A025487_a3,A025487_a3_shuf,S3,oeis_core,3,54,14518667429011101181,134f49baf8ec9ab8,134f49baf8ec9ab8,1 2 1 0 2,0 0 0 0 0
98,A027642_a3,A027642_a3_shuf,S3,oeis_core,3,62,17942988240437916853,a65bdbec9c1c86a1,a65bdbec9c1c86a1,1 2 0 1 0,1 0 1 1 0
99,A029447_a3,A029447_a3_shuf,S3,oeis_base,3,49,12565541945670522007,be6af18a02ae9cfa,be6af18a02ae9cfa,1 2 0 1 2,2 0 1 1 1
100,A029447_a4,A029447_a4_shuf,S3,oeis_base,4,49,1246253394036934376,ce803c69cbd1ef82,ce803c69cbd1ef82,1 2 3 0 1,0 3 0 0 2
101,A029518_a3,A029518_a3_shuf,S3,oeis_base,3,41,7415537078483881278,680a5268fc0edd99,680a5268fc0edd99,1 0 2 0 0,0 2 0 0 2
102,A031347_a4,A031347_a4_shuf,S3,oeis_base,4,87,8673188297864714100,09784eee816095a7,09784eee816095a7,0 1 2 3 0,2 0 0 1 2
103,A035327_a4,A035327_a4_shuf,S3,oeis_base,4,82,4274155164236098349,42ebf9f7dfde692c,42ebf9f7dfde692c,1 0 1 0 3,0 2 2 3 2
104,A036554_a4,A036554_a4_shuf,S3,oeis_base,4,59,5973341033846803138,8d8fd03d90991676,8d8fd03d90991676,2 2 0 2 2,2 0 2 2 2
105,A038567_a3,A038567_a3_shuf,S3,oeis_core,3,78,9254494380502364069,8ccb64b0b32ad9d3,8ccb64b0b32ad9d3,1 2 0 0 1,0 1 0 2 1
106,A038569_a2,A038569_a2_shuf,S3,oeis_core,2,94,12457957405367513066,fee2f65295641730,fee2f65295641730,1 0 1 1 1,1 0 1 1 1
107,A038618_a4,A038618_a4_shuf,S3,oeis_base,4,58,13883159693699491535,9e24a06cb512bf38,9e24a06cb512bf38,2 3 1 3 3,3 3 3 1 3
108,A043529_a4,A043529_a4_shuf,S3,oeis_base,4,91,14276645250542932397,cdaada54751185a8,cdaada54751185a8,1 1 2 1 2,2 2 1 2 2
109,A043537_a2,A043537_a2_shuf,S3,oeis_base,2,90,13570076792985529876,3af9a8e29fc9fac1,3af9a8e29fc9fac1,1 1 1 1 1,0 0 1 0 1
110,A044813_a3,A044813_a3_shuf,S3,oeis_base,3,59,3139415008304195188,0f701c6471421fc5,0f701c6471421fc5,1 0 1 0 1,0 2 2 1 1
111,A048724_a3,A048724_a3_shuf,S3,oeis_base,3,65,72684082870488340,22d1dc4777bdf220,22d1dc4777bdf220,0 0 0 2 0,2 0 0 0 0
112,A054055_a3,A054055_a3_shuf,S3,oeis_base,3,105,1232716847299444412,1a889b4c825a2bed,1a889b4c825a2bed,0 1 2 0 1,0 2 0 2 0
113,A054055_a4,A054055_a4_shuf,S3,oeis_base,4,105,2473174293518310987,bb0eec36d515cb9f,bb0eec36d515cb9f,0 1 2 3 0,1 2 1 2 0
114,A055012_a3,A055012_a3_shuf,S3,oeis_base,3,60,2797785686123834743,1ea88d4078d97f8e,1ea88d4078d97f8e,0 1 2 0 1,1 0 0 2 1
115,A056964_a2,A056964_a2_shuf,S3,oeis_base,2,65,14268247957849871591,f36cf43865a7b13d,f36cf43865a7b13d,0 0 0 0 0,0 0 0 0 1
116,A062028_a2,A062028_a2_shuf,S3,oeis_base,2,71,9001520156811026687,782307998c728372,782307998c728372,0 0 0 0 0,0 0 1 0 0
117,A062756_a3,A062756_a3_shuf,S3,oeis_base,3,105,7034357597695274627,8a8985ac74cc0265,8a8985ac74cc0265,0 1 0 1 2,1 2 1 2 1
118,A078972_a2,A078972_a2_shuf,S3,oeis_base,2,55,933042248447010967,c1c684138552ecac,c1c684138552ecac,0 0 1 0 0,1 1 1 1 0
119,A078972_a3,A078972_a3_shuf,S3,oeis_base,3,55,11603622334021706009,d73ac689d2aa7ba4,d73ac689d2aa7ba4,1 0 0 1 2,1 1 1 1 2
120,A091924_a4,A091924_a4_shuf,S3,oeis_base,4,49,4986494306289927158,a64aa7d5f9b61879,a64aa7d5f9b61879,2 3 1 3 1,3 3 3 3 1
121,A112798_a7,A112798_a7_shuf,S3,oeis_core,7,102,4546014195215541661,d44440ff72d2e264,d44440ff72d2e264,1 2 1 1 3,1 3 1 2 1
122,A175298_a2,A175298_a2_shuf,S3,oeis_base,2,73,1271171895888591833,7a220aaba4d98b98,7a220aaba4d98b98,0 1 1 1 1,1 1 1 1 1
123,A206913_a3,A206913_a3_shuf,S3,oeis_base,3,69,6473519006602309205,77971fa49b5255ee,77971fa49b5255ee,0 1 1 0 0,0 0 0 0 0
124,A206914_a3,A206914_a3_shuf,S3,oeis_base,3,68,15068097617755918335,400c9a083f96cec4,400c9a083f96cec4,0 1 0 0 2,0 0 0 1 1
125,A226898_a5,A226898_a5_shuf,S3,oeis_core,5,92,6301505804508848776,7a15cee16417f6c7,7a15cee16417f6c7,1 2 1 2 1,1 1 3 1 3
126,A233564_a3,A233564_a3_shuf,S3,oeis_base,3,62,1448939657992043556,e482ded690be6e44,e482ded690be6e44,0 1 2 1 2,0 2 0 2 1
127,A235394_a3,A235394_a3_shuf,S3,oeis_base,3,52,12525106918154348554,c6ab0c24d6fa98b1,c6ab0c24d6fa98b1,2 0 2 1 1,1 1 2 1 2
128,A235394_a4,A235394_a4_shuf,S3,oeis_base,4,52,14223061231604254592,d9bb86f09fece264,d9bb86f09fece264,2 3 1 3 1,3 3 2 1 3
129,A235395_a2,A235395_a2_shuf,S3,oeis_base,2,49,10740315640356250161,d7346644834fcd00,d7346644834fcd00,0 1 1 1 1,1 1 1 1 1
130,A246655_a3,A246655_a3_shuf,S3,oeis_core,3,61,6847369916188424781,4a5d4f6481ee01cd,4a5d4f6481ee01cd,2 0 1 2 1,2 2 1 1 1
131,A276086_a2,A276086_a2_shuf,S3,oeis_base,2,74,2250659168790095872,91686cc1ac792e1b,91686cc1ac792e1b,1 0 1 0 1,0 0 0 0 1
132,A385776_a2,A385776_a2_shuf,S3,oeis_base,2,41,6034978382560441416,7188092ab0e9249f,7188092ab0e9249f,0 1 1 1 1,1 1 1 1 1
133,tot3_0001,tot3_0001_shuf,S4,totalistic_3state,3,500,13178761144004872703,f64da1c142bddcd2,f64da1c142bddcd2,1 0 1 0 1,0 0 1 1 1
134,tot3_0006,tot3_0006_shuf,S4,totalistic_3state,3,500,9396393837612006588,c9f1baa9cf4a0d33,c9f1baa9cf4a0d33,1 2 0 0 0,0 0 0 0 0
135,tot3_0014,tot3_0014_shuf,S4,totalistic_3state,3,500,10737043504739290240,61a8bdf6de4f20fe,61a8bdf6de4f20fe,1 1 0 2 0,0 0 0 2 2
136,tot3_0023,tot3_0023_shuf,S4,totalistic_3state,3,500,5003392976229980263,61a8bdf6de4f20fe,61a8bdf6de4f20fe,1 1 0 2 0,2 2 2 0 0
137,tot3_0045,tot3_0045_shuf,S4,totalistic_3state,3,500,14910110750606822540,2a043b69e9a3de6a,2a043b69e9a3de6a,1 0 0 0 0,0 0 0 0 0
138,tot3_0051,tot3_0051_shuf,S4,totalistic_3state,3,500,5887504502566566568,c9f1baa9cf4a0d33,c9f1baa9cf4a0d33,1 2 0 0 0,0 0 0 0 0
139,tot3_0072,tot3_0072_shuf,S4,totalistic_3state,3,500,4920854072906878252,2a043b69e9a3de6a,2a043b69e9a3de6a,1 0 0 0 0,0 0 0 0 0
140,tot3_0104,tot3_0104_shuf,S4,totalistic_3state,3,500,10803656844103597531,dd9cf89c005dade7,dd9cf89c005dade7,1 1 0 2 1,0 0 2 2 0
141,tot3_0133,tot3_0133_shuf,S4,totalistic_3state,3,500,16843257396082697863,53184914dd838bee,53184914dd838bee,1 2 0 1 0,1 1 1 1 1
142,tot3_0135,tot3_0135_shuf,S4,totalistic_3state,3,500,13378950803591948851,2a043b69e9a3de6a,2a043b69e9a3de6a,1 0 0 0 0,0 0 0 0 0
143,tot3_0145,tot3_0145_shuf,S4,totalistic_3state,3,500,1984951215813299797,55b5b90fe0d7d971,55b5b90fe0d7d971,1 0 1 0 1,0 2 1 1 1
144,tot3_0146,tot3_0146_shuf,S4,totalistic_3state,3,500,11608795579376512480,55561c2560ae554b,55561c2560ae554b,1 0 2 1 2,2 2 0 2 2
145,tot3_0153,tot3_0153_shuf,S4,totalistic_3state,3,500,3446220582290852435,2a043b69e9a3de6a,2a043b69e9a3de6a,1 0 0 0 0,0 0 0 0 0
146,tot3_0156,tot3_0156_shuf,S4,totalistic_3state,3,500,18205054335770383598,33dbb2060d11ded2,33dbb2060d11ded2,1 1 2 0 0,0 0 1 0 0
147,tot3_0160,tot3_0160_shuf,S4,totalistic_3state,3,500,9733141760154671316,0f56a62d2662816a,0f56a62d2662816a,1 2 0 1 0,0 0 1 0 2
148,tot3_0176,tot3_0176_shuf,S4,totalistic_3state,3,500,5363926592827297416,f655a7ce27670ada,f655a7ce27670ada,1 1 0 2 2,1 1 2 2 2
149,tot3_0190,tot3_0190_shuf,S4,totalistic_3state,3,500,1636614863927681070,f20451d55ca74397,f20451d55ca74397,1 0 1 0 1,1 1 1 1 1
150,tot3_0205,tot3_0205_shuf,S4,totalistic_3state,3,500,17030182471417711576,53184914dd838bee,53184914dd838bee,1 2 0 1 1,1 1 1 1 1
151,tot3_0237,tot3_0237_shuf,S4,totalistic_3state,3,500,8873340793744636044,b88bb82a9b5df9a7,b88bb82a9b5df9a7,1 1 2 0 0,0 0 0 0 0
152,tot3_0244,tot3_0244_shuf,S4,totalistic_3state,3,500,12505030529718674043,f64da1c142bddcd2,f64da1c142bddcd2,1 0 1 0 1,1 1 1 1 1
153,tot3_0248,tot3_0248_shuf,S4,totalistic_3state,3,500,869611579097628130,61a8bdf6de4f20fe,61a8bdf6de4f20fe,1 1 0 2 0,0 2 0 2 2
154,tot3_0249,tot3_0249_shuf,S4,totalistic_3state,3,500,4353040004611942212,c9f1baa9cf4a0d33,c9f1baa9cf4a0d33,1 2 0 0 0,0 0 0 0 0
155,tot3_0254,tot3_0254_shuf,S4,totalistic_3state,3,500,6179252382931003665,feaa0c502845a21c,feaa0c502845a21c,1 0 2 0 2,0 2 0 1 0
156,tot3_0267,tot3_0267_shuf,S4,totalistic_3state,3,500,944419356431368857,c9f1baa9cf4a0d33,c9f1baa9cf4a0d33,1 2 0 0 0,0 0 0 0 0
157,tot3_0280,tot3_0280_shuf,S4,totalistic_3state,3,500,14410789182316562565,32589b87c33b18ad,32589b87c33b18ad,1 0 1 0 1,1 1 1 1 1
158,tot3_0288,tot3_0288_shuf,S4,totalistic_3state,3,500,2997063530475474751,2a043b69e9a3de6a,2a043b69e9a3de6a,1 0 0 0 0,0 0 0 0 0
159,tot3_0312,tot3_0312_shuf,S4,totalistic_3state,3,500,5976720971751700073,c9f1baa9cf4a0d33,c9f1baa9cf4a0d33,1 2 0 0 0,0 0 0 0 0
160,tot3_0314,tot3_0314_shuf,S4,totalistic_3state,3,500,13975005632899813873,8c12aba0e126600f,8c12aba0e126600f,1 2 0 2 0,0 2 2 2 0
161,tot3_0321,tot3_0321_shuf,S4,totalistic_3state,3,500,18340115310853323628,c9f1baa9cf4a0d33,c9f1baa9cf4a0d33,1 2 0 0 0,0 0 0 0 0
162,tot3_0342,tot3_0342_shuf,S4,totalistic_3state,3,500,5277080978037373240,2a043b69e9a3de6a,2a043b69e9a3de6a,1 0 0 0 0,0 0 0 0 0
163,tot3_0352,tot3_0352_shuf,S4,totalistic_3state,3,500,7696837350791457101,f20451d55ca74397,f20451d55ca74397,1 0 1 0 1,1 1 1 1 1
164,tot3_0359,tot3_0359_shuf,S4,totalistic_3state,3,500,13897247470893202414,8c12aba0e126600f,8c12aba0e126600f,1 2 0 2 0,2 0 2 2 2
165,tot3_0362,tot3_0362_shuf,S4,totalistic_3state,3,500,17018757277992117537,3d9a48a984c602bb,3d9a48a984c602bb,1 0 2 1 1,1 1 1 1 1
166,tot3_0376,tot3_0376_shuf,S4,totalistic_3state,3,500,8549751252433903980,8c12aba0e126600f,8c12aba0e126600f,1 2 0 2 0,2 2 0 2 2
167,tot3_0403,tot3_0403_shuf,S4,totalistic_3state,3,500,1149434153206558805,8c12aba0e126600f,8c12aba0e126600f,1 2 0 2 0,2 2 2 2 2
168,tot3_0451,tot3_0451_shuf,S4,totalistic_3state,3,500,4089289328574311576,3792afb4467f600c,3792afb4467f600c,1 0 1 0 2,1 1 1 1 1
169,tot3_0458,tot3_0458_shuf,S4,totalistic_3state,3,500,9714250785814957141,8c12aba0e126600f,8c12aba0e126600f,1 2 0 2 0,0 0 2 0 0
170,tot3_0480,tot3_0480_shuf,S4,totalistic_3state,3,500,3381853637622746776,9e3fb7cedaaecd73,9e3fb7cedaaecd73,1 1 2 0 2,0 0 0 0 0
171,tot3_0482,tot3_0482_shuf,S4,totalistic_3state,3,500,7149718011650079460,b2230c5aadb34604,b2230c5aadb34604,1 1 2 0 2,0 2 0 2 0
172,tot3_0496,tot3_0496_shuf,S4,totalistic_3state,3,500,568964439438446504,f64da1c142bddcd2,f64da1c142bddcd2,1 0 1 0 1,0 1 0 0 1
173,tot3_0498,tot3_0498_shuf,S4,totalistic_3state,3,500,6173535261683917053,6d5546a6b0ba686c,6d5546a6b0ba686c,1 1 0 1 0,0 0 0 0 0
174,tot3_0507,tot3_0507_shuf,S4,totalistic_3state,3,500,2277260558161337440,9833b3b0c3b4abb7,9833b3b0c3b4abb7,1 1 0 0 0,0 0 0 0 0
175,tot3_0515,tot3_0515_shuf,S4,totalistic_3state,3,500,15669370624664180008,d94c8972410c7ba2,d94c8972410c7ba2,1 0 2 0 2,0 2 0 2 2
176,tot3_0521,tot3_0521_shuf,S4,totalistic_3state,3,500,3242687672941835944,8c12aba0e126600f,8c12aba0e126600f,1 2 0 2 0,2 0 0 2 0
177,tot3_0545,tot3_0545_shuf,S4,totalistic_3state,3,500,9098288751652331549,61a8bdf6de4f20fe,61a8bdf6de4f20fe,1 1 2 0 2,2 0 0 2 0
178,tot3_0548,tot3_0548_shuf,S4,totalistic_3state,3,500,6194288872026649896,8c12aba0e126600f,8c12aba0e126600f,1 2 0 2 0,2 0 0 2 0
179,tot3_0560,tot3_0560_shuf,S4,totalistic_3state,3,500,5304481724508148771,d94c8972410c7ba2,d94c8972410c7ba2,1 0 2 0 2,0 0 2 2 0
180,tot3_0562,tot3_0562_shuf,S4,totalistic_3state,3,500,10416611206884840014,3f2fd05c0bfa5ed7,3f2fd05c0bfa5ed7,1 1 2 0 1,2 2 2 0 1
181,tot3_0569,tot3_0569_shuf,S4,totalistic_3state,3,500,6712734834602183543,d94c8972410c7ba2,d94c8972410c7ba2,1 0 2 0 2,2 0 0 2 2
182,tot3_0593,tot3_0593_shuf,S4,totalistic_3state,3,500,16375449306293688843,8c12aba0e126600f,8c12aba0e126600f,1 2 0 2 0,0 0 0 2 0
183,tot3_0594,tot3_0594_shuf,S4,totalistic_3state,3,500,4058289143111736234,2a043b69e9a3de6a,2a043b69e9a3de6a,1 0 0 0 0,0 0 0 0 0
184,tot3_0600,tot3_0600_shuf,S4,totalistic_3state,3,500,9094347842814602946,635284103a074b97,635284103a074b97,1 2 0 0 1,1 0 0 0 2
185,tot3_0604,tot3_0604_shuf,S4,totalistic_3state,3,500,9457554340340505943,32589b87c33b18ad,32589b87c33b18ad,1 0 1 0 1,1 1 1 1 1
186,tot3_0664,tot3_0664_shuf,S4,totalistic_3state,3,500,11931898567946788377,0e3aa74d1e117d74,0e3aa74d1e117d74,1 2 0 2 0,0 1 0 0 0
187,tot3_0674,tot3_0674_shuf,S4,totalistic_3state,3,500,17974660919668639149,8c12aba0e126600f,8c12aba0e126600f,1 2 0 2 0,2 2 0 2 2
188,tot3_0696,tot3_0696_shuf,S4,totalistic_3state,3,500,4160634616640711707,4131026ade0a596b,4131026ade0a596b,1 1 1 2 0,0 0 0 0 2
189,tot3_0706,tot3_0706_shuf,S4,totalistic_3state,3,500,5272619778298697880,3f2fd05c0bfa5ed7,3f2fd05c0bfa5ed7,1 1 2 0 1,0 1 1 0 2
190,tot3_0731,tot3_0731_shuf,S4,totalistic_3state,3,500,13255834141680910471,d97e51194fefb580,d97e51194fefb580,1 0 2 0 2,0 2 1 0 2
191,tot3_0744,tot3_0744_shuf,S4,totalistic_3state,3,500,2111794986819009432,9833b3b0c3b4abb7,9833b3b0c3b4abb7,1 2 1 2 0,0 0 0 0 0
192,tot3_0763,tot3_0763_shuf,S4,totalistic_3state,3,500,6939221330512484676,c39048a00aee81ff,c39048a00aee81ff,1 2 1 2 1,1 2 1 1 0
193,tot3_0767,tot3_0767_shuf,S4,totalistic_3state,3,500,13667738150115686380,672244854523b2f8,672244854523b2f8,1 0 2 0 1,1 1 1 1 1
194,tot3_0816,tot3_0816_shuf,S4,totalistic_3state,3,500,5195445781201369667,a724f3352a6d5bf9,a724f3352a6d5bf9,1 2 1 0 0,0 0 0 1 0
195,tot3_0818,tot3_0818_shuf,S4,totalistic_3state,3,500,14641667636021851144,927b50146f025010,927b50146f025010,1 2 1 0 2,0 1 1 2 1
196,tot3_0839,tot3_0839_shuf,S4,totalistic_3state,3,500,16055350202445806787,f69a1f3e7d583e95,f69a1f3e7d583e95,1 0 2 0 0,0 2 1 2 0
197,tot3_0843,tot3_0843_shuf,S4,totalistic_3state,3,500,10232214476743025030,d2ca5d5132d3bc9a,d2ca5d5132d3bc9a,1 2 1 1 2,2 0 2 0 0
198,tot3_0863,tot3_0863_shuf,S4,totalistic_3state,3,500,8761387290843840936,ed634a961a1c2f3a,ed634a961a1c2f3a,1 2 1 1 1,1 1 1 1 2
199,tot3_0870,tot3_0870_shuf,S4,totalistic_3state,3,500,3934202257787328071,1e61946d7d666254,1e61946d7d666254,1 2 1 2 0,2 1 2 2 2
200,tot3_0892,tot3_0892_shuf,S4,totalistic_3state,3,500,9228944663452219252,f64da1c142bddcd2,f64da1c142bddcd2,1 0 1 0 1,1 0 0 0 0
201,tot3_0899,tot3_0899_shuf,S4,totalistic_3state,3,500,8710240459371110398,927b50146f025010,927b50146f025010,1 2 1 0 2,2 0 2 1 2
202,tot3_0951,tot3_0951_shuf,S4,totalistic_3state,3,500,13081854303437233646,9833b3b0c3b4abb7,9833b3b0c3b4abb7,1 2 1 0 2,0 0 0 0 0
203,tot3_0953,tot3_0953_shuf,S4,totalistic_3state,3,500,7412283966417238747,1c6ddcea5e0c7bee,1c6ddcea5e0c7bee,1 2 1 2 1,1 1 2 1 2
204,tot3_0964,tot3_0964_shuf,S4,totalistic_3state,3,500,5310619889765059405,766e258d8b43fabe,766e258d8b43fabe,1 0 1 0 2,2 0 1 1 0
205,tot3_0977,tot3_0977_shuf,S4,totalistic_3state,3,500,13202171380840269326,d97e51194fefb580,d97e51194fefb580,1 1 0 2 0,0 0 2 2 1
206,tot3_0984,tot3_0984_shuf,S4,totalistic_3state,3,500,3222073151234916020,6d5546a6b0ba686c,6d5546a6b0ba686c,1 1 0 1 0,0 0 0 0 0
207,tot3_1017,tot3_1017_shuf,S4,totalistic_3state,3,500,11297315342513122951,2a043b69e9a3de6a,2a043b69e9a3de6a,1 0 0 0 0,0 0 0 0 0
208,tot3_1025,tot3_1025_shuf,S4,totalistic_3state,3,500,16485926628654009995,ed634a961a1c2f3a,ed634a961a1c2f3a,1 2 1 1 1,1 1 1 1 1
209,tot3_1035,tot3_1035_shuf,S4,totalistic_3state,3,500,10894454729107506813,2a043b69e9a3de6a,2a043b69e9a3de6a,1 0 0 0 0,0 0 0 0 0
210,tot3_1054,tot3_1054_shuf,S4,totalistic_3state,3,500,10472148579460426117,f64da1c142bddcd2,f64da1c142bddcd2,1 0 1 0 1,0 0 1 0 1
211,tot3_1069,tot3_1069_shuf,S4,totalistic_3state,3,500,13347704626773118218,13462f507c501c0e,13462f507c501c0e,1 2 1 0 1,1 1 1 0 1
212,tot3_1097,tot3_1097_shuf,S4,totalistic_3state,3,500,8040260878780010556,ed634a961a1c2f3a,ed634a961a1c2f3a,1 2 1 1 1,1 1 1 1 1
213,tot3_1105,tot3_1105_shuf,S4,totalistic_3state,3,500,18020400382379653239,ed634a961a1c2f3a,ed634a961a1c2f3a,1 2 1 1 1,1 1 1 1 1
214,tot3_1115,tot3_1115_shuf,S4,totalistic_3state,3,500,9888777162722421411,1c6ddcea5e0c7bee,1c6ddcea5e0c7bee,1 2 1 2 1,2 1 1 1 2
215,tot3_1127,tot3_1127_shuf,S4,totalistic_3state,3,500,17199769734295841800,f8087c5e4427d031,f8087c5e4427d031,1 0 2 1 2,1 2 2 1 1
216,tot3_1130,tot3_1130_shuf,S4,totalistic_3state,3,500,14113957447017482325,a5a5ca5b9b2003df,a5a5ca5b9b2003df,1 1 2 1 2,1 1 1 1 2
217,tot3_1144,tot3_1144_shuf,S4,totalistic_3state,3,500,7941522824274334140,f64da1c142bddcd2,f64da1c142bddcd2,1 0 1 0 1,0 1 1 0 0
218,tot3_1148,tot3_1148_shuf,S4,totalistic_3state,3,500,9651430232033943572,194d189c2d808382,194d189c2d808382,1 1 0 2 1,1 2 2 1 0
219,tot3_1157,tot3_1157_shuf,S4,totalistic_3state,3,500,11703909245359539323,927b50146f025010,927b50146f025010,1 1 0 2 2,1 2 0 2 2
220,tot3_1167,tot3_1167_shuf,S4,totalistic_3state,3,500,17101201103414188898,3ed2de05c480e591,3ed2de05c480e591,1 2 1 1 1,2 1 1 1 1
221,tot3_1194,tot3_1194_shuf,S4,totalistic_3state,3,500,12985912771210757505,ed634a961a1c2f3a,ed634a961a1c2f3a,1 2 1 1 1,1 1 1 1 1
222,tot3_1197,tot3_1197_shuf,S4,totalistic_3state,3,500,14508374938924448342,2a043b69e9a3de6a,2a043b69e9a3de6a,1 0 0 0 0,0 0 0 0 0
223,tot3_1200,tot3_1200_shuf,S4,totalistic_3state,3,500,9050252027213836634,1c6ddcea5e0c7bee,1c6ddcea5e0c7bee,1 1 2 2 1,1 2 2 2 2
224,tot3_1204,tot3_1204_shuf,S4,totalistic_3state,3,500,11716539264025585487,1c6ddcea5e0c7bee,1c6ddcea5e0c7bee,1 2 1 2 1,2 2 1 1 1
225,tot3_1213,tot3_1213_shuf,S4,totalistic_3state,3,500,937508332043736957,1c6ddcea5e0c7bee,1c6ddcea5e0c7bee,1 2 1 2 1,1 2 2 2 1
226,tot3_1217,tot3_1217_shuf,S4,totalistic_3state,3,500,13125577174198405715,d97e51194fefb580,d97e51194fefb580,1 0 2 0 2,1 2 0 0 1
227,tot3_1218,tot3_1218_shuf,S4,totalistic_3state,3,500,7814766374260789027,697a1466698e4d1b,697a1466698e4d1b,1 1 0 0 0,0 0 0 0 0
228,tot3_1239,tot3_1239_shuf,S4,totalistic_3state,3,500,17677448498929964204,6f79a543b7971597,6f79a543b7971597,1 2 1 2 2,1 2 2 1 1
229,tot3_1250,tot3_1250_shuf,S4,totalistic_3state,3,500,5693217033670289115,ed634a961a1c2f3a,ed634a961a1c2f3a,1 2 1 1 1,1 1 1 1 1
230,tot3_1251,tot3_1251_shuf,S4,totalistic_3state,3,500,13113014397689547393,2a043b69e9a3de6a,2a043b69e9a3de6a,1 0 0 0 0,0 0 0 0 0
231,tot3_1270,tot3_1270_shuf,S4,totalistic_3state,3,500,4277523465880693152,3fc637ccedf0e637,3fc637ccedf0e637,1 0 1 0 1,2 2 1 1 1
232,tot3_1282,tot3_1282_shuf,S4,totalistic_3state,3,500,3994811128067624973,a5a5ca5b9b2003df,a5a5ca5b9b2003df,1 1 2 1 2,1 1 1 1 2
233,tot3_1316,tot3_1316_shuf,S4,totalistic_3state,3,500,8577245885780018218,41798d4cadb1ae2f,41798d4cadb1ae2f,1 0 2 1 2,2 2 0 1 2
234,tot3_1318,tot3_1318_shuf,S4,totalistic_3state,3,500,12105575844778213019,1729ce92c1f03d13,1729ce92c1f03d13,1 1 0 1 0,0 0 0 1 1
235,tot3_1325,tot3_1325_shuf,S4,totalistic_3state,3,500,7092897235807302591,f69a1f3e7d583e95,f69a1f3e7d583e95,1 0 2 0 0,0 2 0 1 1
236,tot3_1329,tot3_1329_shuf,S4,totalistic_3state,3,500,13080243517929623201,2267cc038b0963d7,2267cc038b0963d7,1 2 1 1 2,0 1 0 1 1
237,tot3_1349,tot3_1349_shuf,S4,totalistic_3state,3,500,1023601517469445087,ed634a961a1c2f3a,ed634a961a1c2f3a,1 2 1 1 1,1 1 1 1 1
238,tot3_1350,tot3_1350_shuf,S4,totalistic_3state,3,500,1967068136362038362,2a043b69e9a3de6a,2a043b69e9a3de6a,1 0 0 0 0,0 0 0 0 0
239,tot3_1355,tot3_1355_shuf,S4,totalistic_3state,3,500,18130349354212546948,a5a5ca5b9b2003df,a5a5ca5b9b2003df,1 1 2 1 2,2 2 2 1 2
240,tot3_1371,tot3_1371_shuf,S4,totalistic_3state,3,500,14746047403465782649,a5a5ca5b9b2003df,a5a5ca5b9b2003df,1 1 2 1 2,1 2 2 1 1
241,tot3_1376,tot3_1376_shuf,S4,totalistic_3state,3,500,16315739922292695938,1c6ddcea5e0c7bee,1c6ddcea5e0c7bee,1 2 1 2 1,1 1 2 2 2
242,tot3_1411,tot3_1411_shuf,S4,totalistic_3state,3,500,1564583906445705427,fc8f5aba302bee5f,fc8f5aba302bee5f,1 2 1 2 1,1 1 1 1 1
243,tot3_1418,tot3_1418_shuf,S4,totalistic_3state,3,500,15856247054106724115,03e2a3588e7f31ec,03e2a3588e7f31ec,1 1 1 2 1,1 1 1 1 1
244,tot3_1425,tot3_1425_shuf,S4,totalistic_3state,3,500,16308533800658832052,f3d10a5410f7f8c8,f3d10a5410f7f8c8,1 1 1 2 1,1 1 1 1 1
245,tot3_1442,tot3_1442_shuf,S4,totalistic_3state,3,500,8696762274952271342,99f0ebbaebe99d32,99f0ebbaebe99d32,1 0 2 2 1,2 1 2 2 2
246,tot3_1446,tot3_1446_shuf,S4,totalistic_3state,3,500,3003603803624646821,1c6ddcea5e0c7bee,1c6ddcea5e0c7bee,1 2 1 2 1,2 1 1 2 2
247,tot3_1450,tot3_1450_shuf,S4,totalistic_3state,3,500,6697089708949693966,ec2f919d842388b3,ec2f919d842388b3,1 0 1 0 2,1 2 1 2 1
248,tot3_1464,tot3_1464_shuf,S4,totalistic_3state,3,500,14864113080664338285,fd5d728a8f8a1778,fd5d728a8f8a1778,1 2 2 0 0,0 0 0 0 0
249,tot3_1476,tot3_1476_shuf,S4,totalistic_3state,3,500,4061470118974086366,2a043b69e9a3de6a,2a043b69e9a3de6a,1 0 0 0 0,0 0 0 0 0
250,tot3_1485,tot3_1485_shuf,S4,totalistic_3state,3,500,728240545748106228,2a043b69e9a3de6a,2a043b69e9a3de6a,1 0 0 0 0,0 0 0 0 0
251,tot3_1516,tot3_1516_shuf,S4,totalistic_3state,3,500,18363039945507534009,1c302f6f013c4778,1c302f6f013c4778,1 1 2 2 2,2 2 2 2 2
252,tot3_1534,tot3_1534_shuf,S4,totalistic_3state,3,500,7111770494892528559,1c302f6f013c4778,1c302f6f013c4778,1 1 2 2 2,2 2 2 2 2
253,tot3_1537,tot3_1537_shuf,S4,totalistic_3state,3,500,27716019666914564,bbc977f4c434de48,bbc977f4c434de48,1 2 2 2 2,2 2 2 2 2
254,tot3_1553,tot3_1553_shuf,S4,totalistic_3state,3,500,15448275402616762565,0a1452410cf823fa,0a1452410cf823fa,1 1 0 1 0,2 0 1 0 1
255,tot3_1597,tot3_1597_shuf,S4,totalistic_3state,3,500,9575228084798590534,1c302f6f013c4778,1c302f6f013c4778,1 1 2 2 2,2 2 2 2 2
256,tot3_1608,tot3_1608_shuf,S4,totalistic_3state,3,500,6541473218870589619,51761c5fd775e147,51761c5fd775e147,1 2 2 1 2,1 1 2 2 2
257,tot3_1621,tot3_1621_shuf,S4,totalistic_3state,3,500,12524205126915604473,f64da1c142bddcd2,f64da1c142bddcd2,1 0 1 0 1,1 0 1 0 1
258,tot3_1624,tot3_1624_shuf,S4,totalistic_3state,3,500,6772909530807337829,1729ce92c1f03d13,1729ce92c1f03d13,1 1 0 1 0,0 0 1 1 1
259,tot3_1626,tot3_1626_shuf,S4,totalistic_3state,3,500,5829338497937610620,bbc977f4c434de48,bbc977f4c434de48,1 2 2 2 2,2 2 2 2 2
260,tot3_1642,tot3_1642_shuf,S4,totalistic_3state,3,500,7708781990997087081,1729ce92c1f03d13,1729ce92c1f03d13,1 1 0 1 0,0 1 0 0 0
261,tot3_1646,tot3_1646_shuf,S4,totalistic_3state,3,500,13643859781219091433,bbc977f4c434de48,bbc977f4c434de48,1 2 2 2 2,2 2 2 2 2
262,tot3_1678,tot3_1678_shuf,S4,totalistic_3state,3,500,4893939633832823073,1c302f6f013c4778,1c302f6f013c4778,1 1 2 2 2,2 2 2 2 2
263,tot3_1682,tot3_1682_shuf,S4,totalistic_3state,3,500,2392268173928434913,bbc977f4c434de48,bbc977f4c434de48,1 2 2 2 2,2 2 2 2 2
264,tot3_1690,tot3_1690_shuf,S4,totalistic_3state,3,500,7845417094296490744,26e65e1333103654,26e65e1333103654,1 2 2 1 0,2 2 2 2 2
265,tot3_1699,tot3_1699_shuf,S4,totalistic_3state,3,500,6806793598255298145,bbc977f4c434de48,bbc977f4c434de48,1 2 2 2 2,2 2 2 2 1
266,tot3_1700,tot3_1700_shuf,S4,totalistic_3state,3,500,15388683093660655223,bbc977f4c434de48,bbc977f4c434de48,1 2 2 2 2,2 1 2 2 2
267,tot3_1710,tot3_1710_shuf,S4,totalistic_3state,3,500,7448006472349058008,2a043b69e9a3de6a,2a043b69e9a3de6a,1 0 0 0 0,0 0 0 0 0
268,tot3_1713,tot3_1713_shuf,S4,totalistic_3state,3,500,10185641987495917995,6d5546a6b0ba686c,6d5546a6b0ba686c,1 1 0 1 0,0 0 0 0 0
269,tot3_1714,tot3_1714_shuf,S4,totalistic_3state,3,500,14918610717374932540,1729ce92c1f03d13,1729ce92c1f03d13,1 1 0 1 0,1 0 0 1 0
270,tot3_1721,tot3_1721_shuf,S4,totalistic_3state,3,500,17925625967123807605,bb8fd9fef44d2f8f,bb8fd9fef44d2f8f,1 0 2 2 2,2 2 2 2 2
271,tot3_1727,tot3_1727_shuf,S4,totalistic_3state,3,500,6446196354177838007,bbc977f4c434de48,bbc977f4c434de48,1 2 2 2 2,2 2 2 2 2
272,tot3_1756,tot3_1756_shuf,S4,totalistic_3state,3,500,12501755542859904715,0c005358f2147890,0c005358f2147890,1 0 1 0 1,2 2 2 2 2
273,tot3_1784,tot3_1784_shuf,S4,totalistic_3state,3,500,1362142614173283248,f2df98060820eed8,f2df98060820eed8,1 0 2 0 2,2 2 1 2 0
274,tot3_1817,tot3_1817_shuf,S4,totalistic_3state,3,500,4708439585687458601,bbc977f4c434de48,bbc977f4c434de48,1 2 2 2 2,2 2 2 2 2
275,tot3_1842,tot3_1842_shuf,S4,totalistic_3state,3,500,15929999260319816464,3f59b0cf2b599733,3f59b0cf2b599733,1 2 2 1 1,2 2 0 2 2
276,tot3_1874,tot3_1874_shuf,S4,totalistic_3state,3,500,3782698109379326867,26c55749c4ed656a,26c55749c4ed656a,1 0 2 2 2,1 2 1 2 2
277,tot3_1897,tot3_1897_shuf,S4,totalistic_3state,3,500,7920526381289834357,bbc977f4c434de48,bbc977f4c434de48,1 2 2 2 2,2 2 2 2 2
278,tot3_1940,tot3_1940_shuf,S4,totalistic_3state,3,500,18090048867030009040,1c302f6f013c4778,1c302f6f013c4778,1 1 2 2 2,2 2 2 2 2
279,tot3_1942,tot3_1942_shuf,S4,totalistic_3state,3,500,754757740488969204,bbc977f4c434de48,bbc977f4c434de48,1 2 2 2 2,2 2 2 2 2
280,tot3_1943,tot3_1943_shuf,S4,totalistic_3state,3,500,6833004589784615211,bbc977f4c434de48,bbc977f4c434de48,1 2 2 2 2,2 2 2 2 2
281,tot3_1962,tot3_1962_shuf,S4,totalistic_3state,3,500,7610720168429600992,2a043b69e9a3de6a,2a043b69e9a3de6a,1 0 0 0 0,0 0 0 0 0
282,tot3_1966,tot3_1966_shuf,S4,totalistic_3state,3,500,4777123962672540108,1729ce92c1f03d13,1729ce92c1f03d13,1 1 0 1 0,1 0 0 1 1
283,tot3_1973,tot3_1973_shuf,S4,totalistic_3state,3,500,9445789367148902625,2de57c7308c0a951,2de57c7308c0a951,1 0 2 0 2,2 2 2 2 2
284,tot3_1981,tot3_1981_shuf,S4,totalistic_3state,3,500,12883688447392032743,32589b87c33b18ad,32589b87c33b18ad,1 0 1 0 1,1 1 0 1 1
285,tot3_1982,tot3_1982_shuf,S4,totalistic_3state,3,500,5020506119033878826,672244854523b2f8,672244854523b2f8,1 0 2 0 1,1 1 1 1 1
286,tot3_1998,tot3_1998_shuf,S4,totalistic_3state,3,500,4401704025472050826,2a043b69e9a3de6a,2a043b69e9a3de6a,1 0 0 0 0,0 0 0 0 0
287,tot3_1999,tot3_1999_shuf,S4,totalistic_3state,3,500,5329240433154796663,0c005358f2147890,0c005358f2147890,1 0 1 0 1,1 2 2 2 2
288,tot3_2025,tot3_2025_shuf,S4,totalistic_3state,3,500,6173005737614514245,2a043b69e9a3de6a,2a043b69e9a3de6a,1 0 0 0 0,0 0 0 0 0
289,tot3_2029,tot3_2029_shuf,S4,totalistic_3state,3,500,231091476335597116,1729ce92c1f03d13,1729ce92c1f03d13,1 1 0 1 0,0 1 1 0 0
290,tot3_2041,tot3_2041_shuf,S4,totalistic_3state,3,500,5626164637608786363,bb48751b22554a0a,bb48751b22554a0a,1 2 2 2 2,2 2 2 1 2
291,tot3_2059,tot3_2059_shuf,S4,totalistic_3state,3,500,5283371513695555172,bbc977f4c434de48,bbc977f4c434de48,1 2 2 2 2,2 2 2 2 2
292,tot3_2062,tot3_2062_shuf,S4,totalistic_3state,3,500,14903582038511752250,32589b87c33b18ad,32589b87c33b18ad,1 0 1 0 1,1 1 1 1 1
293,tot3_2076,tot3_2076_shuf,S4,totalistic_3state,3,500,10325903714351561453,1c6ddcea5e0c7bee,1c6ddcea5e0c7bee,1 2 2 1 2,2 2 2 1 1
294,tot3_2084,tot3_2084_shuf,S4,totalistic_3state,3,500,14497610111850088000,421e6ba443857018,421e6ba443857018,1 1 2 1 2,2 2 2 2 2
295,tot3_2097,tot3_2097_shuf,S4,totalistic_3state,3,500,12404950903173956455,2a043b69e9a3de6a,2a043b69e9a3de6a,1 0 0 0 0,0 0 0 0 0
296,tot3_2125,tot3_2125_shuf,S4,totalistic_3state,3,500,17083666914111143912,38deeb2548de64da,38deeb2548de64da,1 0 1 0 1,2 2 2 2 2
297,tot3_2134,tot3_2134_shuf,S4,totalistic_3state,3,500,3090951900583133311,f20451d55ca74397,f20451d55ca74397,1 0 1 0 1,1 1 1 1 1
298,tot3_2151,tot3_2151_shuf,S4,totalistic_3state,3,500,9571881173276673513,2a043b69e9a3de6a,2a043b69e9a3de6a,1 0 0 0 0,0 0 0 0 0
299,tot3_2152,tot3_2152_shuf,S4,totalistic_3state,3,500,3410449938967724889,9b8bcdd49ee9ec57,9b8bcdd49ee9ec57,1 0 1 0 2,2 2 2 2 2
300,tot3_2175,tot3_2175_shuf,S4,totalistic_3state,3,500,10560077832611641506,bbc977f4c434de48,bbc977f4c434de48,1 2 2 2 2,2 2 2 2 2
301,eca_009,eca_009_shuf,S2,eca256,2,500,15673689361417340738,1729ce92c1f03d13,1729ce92c1f03d13,1 0 1 0 1,1 1 1 1 0
302,eca_021,eca_021_shuf,S2,eca256,2,500,7282029407142163783,1729ce92c1f03d13,1729ce92c1f03d13,1 1 0 1 0,1 0 0 1 0
303,eca_025,eca_025_shuf,S2,eca256,2,500,5620269767378144414,3c4699f5b495624b,3c4699f5b495624b,1 0 0 0 1,1 0 1 0 1
304,eca_031,eca_031_shuf,S2,eca256,2,500,11856741082657972665,1729ce92c1f03d13,1729ce92c1f03d13,1 1 0 1 0,1 0 0 1 0
305,eca_043,eca_043_shuf,S2,eca256,2,500,13849860145665723383,f64da1c142bddcd2,f64da1c142bddcd2,1 0 0 1 0,0 1 0 0 0
306,eca_055,eca_055_shuf,S2,eca256,2,500,873737750998240234,1729ce92c1f03d13,1729ce92c1f03d13,1 1 0 1 0,1 1 1 1 0
307,eca_065,eca_065_shuf,S2,eca256,2,500,16718827701856174219,1729ce92c1f03d13,1729ce92c1f03d13,1 0 1 0 1,1 0 1 0 1
308,eca_083,eca_083_shuf,S2,eca256,2,500,16938077764591719258,f64da1c142bddcd2,f64da1c142bddcd2,1 0 0 1 0,0 0 0 1 0
309,eca_085,eca_085_shuf,S2,eca256,2,500,9515391433767517919,1729ce92c1f03d13,1729ce92c1f03d13,1 1 0 1 0,1 1 0 1 1
310,eca_095,eca_095_shuf,S2,eca256,2,500,11386850376383609190,1729ce92c1f03d13,1729ce92c1f03d13,1 1 0 1 0,0 1 0 1 0
311,eca_099,eca_099_shuf,S2,eca256,2,500,2553467202968082586,1c3f516659589b12,1c3f516659589b12,1 0 0 1 0,0 0 1 0 0
312,eca_115,eca_115_shuf,S2,eca256,2,500,2954941313826059961,1729ce92c1f03d13,1729ce92c1f03d13,1 0 1 1 0,1 0 0 1 0
313,eca_117,eca_117_shuf,S2,eca256,2,500,310492784295683600,1729ce92c1f03d13,1729ce92c1f03d13,1 1 0 1 0,0 0 1 1 1
314,eca_121,eca_121_shuf,S2,eca256,2,500,9870432924391283678,0326f5fef3e717c1,0326f5fef3e717c1,1 0 0 1 1,1 0 0 1 0
315,eca_122,eca_122_shuf,S2,eca256,2,500,9156884083016651523,f64da1c142bddcd2,f64da1c142bddcd2,1 0 1 0 1,1 1 1 1 1
316,eca_149,eca_149_shuf,S2,eca256,2,500,8945916427713901988,058ec7d6c4c281fd,058ec7d6c4c281fd,1 1 0 0 1,1 1 0 1 0
317,eca_163,eca_163_shuf,S2,eca256,2,500,11393097019147905423,f64da1c142bddcd2,f64da1c142bddcd2,1 0 0 1 0,0 0 0 0 1
318,eca_178,eca_178_shuf,S2,eca256,2,500,8304562650232643515,f64da1c142bddcd2,f64da1c142bddcd2,1 0 1 0 1,1 1 0 1 0
319,eca_193,eca_193_shuf,S2,eca256,2,500,17096575958111723638,b2f0d886a04a3a08,b2f0d886a04a3a08,1 0 1 0 1,1 0 1 1 1
320,eca_214,eca_214_shuf,S2,eca256,2,500,10057953128188225139,07877dc5940be218,07877dc5940be218,1 1 1 0 1,0 0 1 1 1
