time_s,program_bits,population,alphabet_size,holdout_len,nesting_depth
128.701,43.59,S1,3,50,
27.678,47.78,S1,2,50,
26.312,47.78,S1,2,50,
16.406,47.78,S1,2,50,
306.393,116.78,S1,4,50,6
16.092,47.78,S1,2,50,
276.256,116.78,S1,4,50,6
16.475,47.78,S1,2,50,
377.788,116.78,S1,4,50,6
32.971,47.78,S1,2,50,
47.429,54.38,S1,2,21,
107.161,71.17,S1,2,25,
50.884,52.98,S1,3,20,
10.086,13.45,S1,2,20,
10.010,15.03,S1,2,20,
16.221,17.86,S1,2,20,
10.088,13.45,S1,2,20,
10.086,13.45,S1,2,20,
15.075,17.86,S1,2,20,
41.254,19.20,S1,2,20,
10.015,15.03,S1,2,20,
10.016,15.03,S1,2,20,
10.015,15.03,S1,2,20,
10.084,15.03,S1,3,20,
10.017,15.03,S1,2,20,
10.169,13.45,S1,2,20,
10.015,15.03,S1,2,20,
16.050,17.86,S1,2,20,
10.707,13.45,S1,2,20,
10.017,15.03,S1,2,20,
47.687,44.26,S1,3,20,
10.017,15.03,S1,2,20,
10.017,15.03,S1,2,20,
15.372,24.73,S1,3,20,
10.009,15.03,S1,2,20,
10.260,13.45,S1,2,20,
10.131,15.03,S1,3,20,
10.013,15.61,S1,2,20,
10.354,13.45,S1,3,20,
10.014,15.03,S1,2,20,
23.362,30.73,S1,3,20,
10.018,15.03,S1,2,20,
10.016,15.03,S1,2,20,
13.186,13.45,S1,2,20,
12.869,18.19,S1,3,20,
10.016,15.03,S1,2,20,
10.016,15.03,S1,2,20,
11.661,15.61,S1,3,20,
10.018,15.61,S1,2,20,
11.844,22.48,S1,3,20,
13.283,15.03,S1,2,20,
20.746,24.73,S1,3,20,
10.019,15.61,S1,2,20,
10.151,15.61,S1,3,20,
16.209,17.86,S1,2,20,
10.110,15.03,S1,3,20,
16.042,28.73,S1,2,20,
16.257,17.86,S1,3,20,
10.013,15.61,S1,2,25,
105.962,85.32,S1,3,25,4
17.648,17.86,S1,2,20,
10.106,13.45,S1,2,20,
10.136,13.45,S1,2,20,
10.019,15.03,S1,2,20,
21.902,17.86,S1,2,20,
10.270,15.03,S1,2,20,
46.403,17.86,S1,2,20,
10.014,15.03,S1,2,20,
18.084,15.03,S1,2,20,
10.144,13.45,S1,2,20,
10.089,13.45,S1,2,20,
10.013,15.03,S1,2,20,
10.094,15.03,S1,3,20,
10.092,13.45,S1,2,20,
10.109,13.45,S1,3,20,
10.092,13.45,S1,2,20,
10.084,13.45,S1,2,20,
10.087,13.45,S1,2,20,
10.011,15.03,S1,2,20,
28.671,30.73,S1,3,20,
10.178,13.45,S1,2,20,
10.081,15.03,S1,3,20,
55.405,26.73,S1,2,20,
42.194,34.09,S1,3,20,
15.803,15.70,S1,2,20,
55.379,44.53,S1,3,20,
49.258,19.20,S1,2,21,
50.770,19.20,S1,3,21,
40.805,19.20,S1,2,20,
49.521,45.53,S1,3,20,
10.010,15.61,S1,2,20,
10.078,15.03,S1,3,20,
48.287,19.20,S1,2,21,
51.344,19.20,S1,3,21,
10.076,15.03,S1,2,20,
25.395,13.45,S1,2,20,
12.394,15.61,S1,2,20,
44.057,27.68,S1,2,21,
42.033,27.68,S1,3,21,
42.258,20.43,S1,2,21,
40.177,20.43,S1,3,21,
10.014,15.61,S1,2,20,
27.170,47.53,S1,3,20,
17.919,15.61,S1,2,20,
48.043,57.98,S1,3,20,
19.957,15.61,S1,2,20,
166.779,66.81,S1,3,20,3
12.253,15.61,S1,2,20,
20.484,15.61,S1,3,20,
11.840,15.03,S1,2,20,
22.595,17.86,S1,2,22,
21.244,15.03,S1,2,20,
11.592,15.03,S1,2,20,
10.015,15.03,S1,2,20,
10.018,15.03,S1,2,20,
11.585,13.45,S1,2,20,
14.900,17.86,S1,2,20,
14.794,17.86,S1,2,20,
61.580,35.09,S1,2,20,
10.016,15.03,S1,2,20,
10.022,15.03,S2,2,125,
10.051,15.61,S2,2,125,
10.023,15.03,S2,2,125,
42.478,19.20,S2,2,125,
10.259,13.45,S2,2,125,
10.276,13.45,S2,2,125,
24.962,15.70,S2,2,125,
20.998,17.86,S2,2,125,
10.031,15.03,S2,2,125,
47.289,22.07,S2,2,125,
10.023,15.03,S2,2,125,
47.071,19.20,S2,2,125,
10.282,13.45,S2,2,125,
10.298,13.45,S2,2,125,
34.629,15.70,S2,2,125,
21.950,17.86,S2,2,125,
10.028,15.03,S2,2,125,
45.296,19.20,S2,2,125,
10.027,15.03,S2,2,125,
45.190,19.20,S2,2,125,
31.961,15.70,S2,2,125,
22.757,17.86,S2,2,125,
29.942,15.70,S2,2,125,
20.268,17.86,S2,2,125,
10.021,15.03,S2,2,125,
10.022,15.03,S2,2,125,
42.867,19.20,S2,2,125,
10.263,13.45,S2,2,125,
10.251,13.45,S2,2,125,
67.298,74.53,S2,2,125,
16.708,17.86,S2,2,125,
10.019,15.03,S2,2,125,
16.917,15.61,S2,2,125,
10.019,15.03,S2,2,125,
43.598,19.20,S2,2,125,
10.267,13.45,S2,2,125,
44.989,19.20,S2,2,125,
23.607,15.70,S2,2,125,
18.055,17.86,S2,2,125,
10.020,15.03,S2,2,125,
42.264,21.35,S2,2,125,
10.019,15.03,S2,2,125,
43.489,19.20,S2,2,125,
10.262,13.45,S2,2,125,
23.494,15.70,S2,2,125,
17.117,17.86,S2,2,125,
10.020,15.03,S2,2,125,
43.273,19.20,S2,2,125,
17.810,15.61,S2,2,125,
17.471,15.61,S2,2,125,
24.034,15.70,S2,2,125,
16.719,17.86,S2,2,125,
15.987,17.86,S2,2,125,
16.725,17.86,S2,2,125,
10.019,15.03,S2,2,125,
16.032,25.73,S2,2,125,
17.539,15.61,S2,2,125,
43.667,20.43,S2,2,125,
10.254,13.45,S2,2,125,
44.577,39.91,S2,2,125,
16.762,24.11,S2,2,125,
16.531,17.86,S2,2,125,
10.020,15.03,S2,2,125,
41.722,22.07,S2,2,125,
10.020,15.03,S2,2,125,
10.256,13.45,S2,2,125,
10.251,13.45,S2,2,125,
10.254,13.45,S2,2,125,
10.255,13.45,S2,2,125,
10.021,15.03,S2,2,125,
17.298,15.61,S2,2,125,
10.023,15.03,S2,2,125,
10.278,13.45,S2,2,125,
10.271,13.45,S2,2,125,
10.266,13.45,S2,2,125,
10.257,13.45,S2,2,125,
10.021,15.03,S2,2,125,
43.610,19.20,S2,2,125,
10.021,15.03,S2,2,125,
41.331,19.20,S2,2,125,
21.865,15.70,S2,2,125,
17.076,17.86,S2,2,125,
63.869,74.53,S2,2,125,
16.809,17.86,S2,2,125,
10.022,15.03,S2,2,125,
10.022,15.03,S2,2,125,
42.114,33.90,S2,2,125,
10.267,13.45,S2,2,125,
10.272,13.45,S2,2,125,
21.919,15.70,S2,2,125,
17.679,17.86,S2,2,125,
10.025,15.03,S2,2,125,
43.186,21.35,S2,2,125,
10.019,15.03,S2,2,125,
16.056,25.73,S2,2,125,
10.253,13.45,S2,2,125,
10.258,13.45,S2,2,125,
42.972,39.91,S2,2,125,
10.019,15.03,S2,2,125,
15.283,15.61,S2,2,125,
10.020,15.03,S2,2,125,
586.874,75.13,S2,2,125,
10.255,13.45,S2,2,125,
41.729,26.03,S2,2,125,
10.266,13.45,S2,2,125,
42.221,23.18,S2,2,125,
10.020,15.03,S2,2,125,
42.627,19.20,S2,2,125,
19.448,15.61,S2,2,125,
41.717,20.43,S2,2,125,
24.310,15.70,S2,2,125,
16.649,17.86,S2,2,125,
17.159,24.11,S2,2,125,
16.859,17.86,S2,2,125,
10.020,15.03,S2,2,125,
586.279,75.13,S2,2,125,
17.654,15.61,S2,2,125,
17.657,15.61,S2,2,125,
10.272,13.45,S2,2,125,
43.040,23.18,S2,2,125,
13.051,46.78,S2,2,125,
17.061,17.86,S2,2,125,
10.020,15.03,S2,2,125,
15.482,54.73,S2,2,125,
10.019,15.03,S2,2,125,
16.539,25.73,S2,2,125,
10.257,13.45,S2,2,125,
10.254,13.45,S2,2,125,
23.157,15.70,S2,2,125,
10.019,15.03,S2,2,125,
10.021,15.03,S2,2,125,
16.161,31.98,S2,2,125,
10.255,13.45,S2,2,125,
10.259,13.45,S2,2,125,
23.695,15.70,S2,2,125,
44.099,33.90,S2,2,125,
10.020,15.03,S2,2,125,
16.545,25.73,S2,2,125,
10.021,15.03,S2,2,125,
17.133,17.86,S2,2,125,
22.526,15.70,S2,2,125,
10.260,13.45,S2,2,125,
10.273,13.45,S2,2,125,
10.020,15.03,S2,2,125,
10.020,15.03,S2,2,125,
10.020,15.03,S2,2,125,
16.164,31.98,S2,2,125,
10.258,13.45,S2,2,125,
10.255,13.45,S2,2,125,
43.479,35.09,S2,2,125,
10.265,13.45,S2,2,125,
10.020,15.03,S2,2,125,
14.456,54.73,S2,2,125,
10.019,15.03,S2,2,125,
42.649,19.20,S2,2,125,
10.255,13.45,S2,2,125,
10.258,13.45,S2,2,125,
23.729,15.70,S2,2,125,
10.019,15.03,S2,2,125,
43.295,41.09,S2,2,125,
10.020,15.03,S2,2,125,
16.924,31.98,S2,2,125,
10.263,13.45,S2,2,125,
10.281,13.45,S2,2,125,
22.228,15.70,S2,2,125,
43.517,19.20,S2,2,125,
10.019,15.03,S2,2,125,
42.695,19.20,S2,2,125,
17.451,15.61,S2,2,125,
17.518,15.61,S2,2,125,
22.595,15.70,S2,2,125,
10.263,13.45,S2,2,125,
10.255,13.45,S2,2,125,
10.019,15.03,S2,2,125,
15.969,31.98,S2,2,125,
17.162,15.61,S2,2,125,
17.112,17.86,S2,2,125,
10.258,13.45,S2,2,125,
10.258,13.45,S2,2,125,
44.861,35.09,S2,2,125,
10.256,13.45,S2,2,125,
10.019,15.03,S2,2,125,
10.020,15.03,S2,2,125,
10.019,15.03,S2,2,125,
10.246,13.45,S2,2,125,
10.255,13.45,S2,2,125,
10.259,13.45,S2,2,125,
10.257,13.45,S2,2,125,
10.020,15.03,S2,2,125,
17.484,15.61,S2,2,125,
10.019,15.03,S2,2,125,
10.020,15.03,S2,2,125,
10.256,13.45,S2,2,125,
10.264,13.45,S2,2,125,
10.248,13.45,S2,2,125,
10.257,13.45,S2,2,125,
10.019,15.03,S2,2,125,
16.391,31.98,S2,2,125,
10.019,15.03,S2,2,125,
16.809,31.98,S2,2,125,
21.800,15.70,S2,2,125,
42.221,33.90,S2,2,125,
46.821,35.09,S2,2,125,
10.257,13.45,S2,2,125,
10.019,15.03,S2,2,125,
10.020,15.03,S2,2,125,
10.021,15.03,S2,2,125,
10.020,15.03,S2,2,125,
10.259,13.45,S2,2,125,
10.256,13.45,S2,2,125,
10.257,13.45,S2,2,125,
10.256,13.45,S2,2,125,
10.020,15.03,S2,2,125,
43.434,41.09,S2,2,125,
10.021,15.03,S2,2,125,
16.446,31.98,S2,2,125,
10.255,13.45,S2,2,125,
10.258,13.45,S2,2,125,
10.258,13.45,S2,2,125,
10.256,13.45,S2,2,125,
10.021,15.03,S2,2,125,
43.186,20.43,S2,2,125,
10.020,15.03,S2,2,125,
16.660,31.98,S2,2,125,
10.306,13.45,S2,2,125,
10.270,13.45,S2,2,125,
10.273,13.45,S2,2,125,
10.247,13.45,S2,2,125,
10.019,15.03,S2,2,125,
16.128,31.98,S2,2,125,
17.353,15.61,S2,2,125,
17.511,17.86,S2,2,125,
23.407,15.70,S2,2,125,
42.040,19.20,S2,2,125,
44.573,35.09,S2,2,125,
10.254,13.45,S2,2,125,
10.020,15.03,S2,2,125,
16.309,31.98,S2,2,125,
17.315,15.61,S2,2,125,
17.236,17.86,S2,2,125,
10.254,13.45,S2,2,125,
10.256,13.45,S2,2,125,
10.261,13.45,S2,2,125,
10.261,13.45,S2,2,125,
16.491,18.87,S3,2,33,
16.628,18.87,S3,3,33,
16.612,18.87,S3,4,33,
10.063,13.45,S3,2,20,
19.963,33.73,S3,3,20,
10.084,15.61,S3,4,20,
10.017,15.03,S3,2,20,
10.109,19.19,S3,3,20,
10.239,20.46,S3,2,20,
81.227,85.32,S3,4,20,4
10.209,18.87,S3,2,20,
10.076,15.61,S3,3,20,
81.882,65.81,S3,4,20,3
14.888,24.11,S3,3,20,
14.896,17.86,S3,3,20,
10.077,18.19,S3,3,20,
10.298,13.45,S3,2,20,
10.179,22.48,S3,3,20,
52.179,55.13,S3,4,20,
22.428,16.62,S3,2,20,
10.182,15.61,S3,3,20,
10.133,13.45,S3,2,20,
10.017,15.03,S3,2,20,
10.021,15.61,S3,2,20,
11.092,16.62,S3,3,20,
11.185,15.61,S3,4,20,
18.292,25.73,S3,2,20,
12.515,17.37,S3,3,20,
36.694,46.53,S3,4,20,
10.014,15.61,S3,2,20,
10.135,15.61,S3,3,20,
40.570,37.09,S3,4,20,
40.051,25.73,S3,2,20,
20.858,18.78,S3,3,20,
10.014,15.61,S3,2,20,
17.030,19.24,S3,3,20,
10.130,15.61,S3,4,20,
40.026,25.73,S3,2,20,
11.737,15.61,S3,3,20,
10.015,15.61,S3,2,20,
10.915,19.94,S3,3,20,
23.316,37.09,S3,4,20,
30.134,26.73,S3,2,20,
28.826,20.22,S3,3,20,
92.655,43.11,S3,4,20,
10.016,15.03,S3,2,20,
10.022,15.61,S3,2,20,
22.557,46.53,S3,3,20,
41.185,25.73,S3,4,20,
10.012,15.03,S3,2,26,
12.659,15.61,S3,2,20,
10.088,15.61,S3,4,20,
10.253,20.46,S3,2,22,
10.087,15.61,S3,3,22,
21.725,20.46,S3,4,22,
19.631,21.46,S3,2,27,
22.318,21.46,S3,3,27,
13.736,21.46,S3,4,27,
48.295,44.53,S3,3,20,
10.010,15.61,S3,2,20,
24.047,26.73,S3,3,20,
22.646,26.73,S3,4,20,
20.748,38.09,S3,2,26,
10.076,15.61,S3,3,26,
19.889,38.09,S3,4,26,
10.114,15.61,S3,3,20,
10.472,15.61,S3,3,20,
10.115,13.45,S3,2,20,
16.222,13.45,S3,2,20,
16.433,18.78,S3,3,20,
53.644,26.73,S3,4,20,
10.297,13.45,S3,2,20,
10.014,15.03,S3,2,20,
10.011,15.61,S3,2,20,
10.155,20.44,S3,3,20,
22.710,43.53,S3,2,20,
23.567,43.53,S3,3,20,
39.180,44.77,S3,4,20,
10.011,15.03,S3,2,20,
21.762,16.62,S3,3,20,
40.389,55.13,S3,4,20,
20.204,7.25,S3,2,26,
10.653,7.25,S3,3,26,
20.639,7.25,S3,4,26,
18.421,8.25,S3,2,22,
20.474,8.25,S3,3,22,
19.329,8.25,S3,4,22,
20.688,7.25,S3,2,22,
19.705,7.25,S3,3,22,
19.823,7.25,S3,4,22,
10.104,13.45,S3,2,20,
10.011,15.61,S3,2,20,
169.314,57.13,S3,3,20,
43.393,32.43,S3,4,20,
10.213,13.45,S3,2,20,
10.109,13.45,S3,2,20,
16.202,17.86,S3,2,20,
10.011,15.03,S3,2,20,
18.590,46.78,S3,2,22,
86.267,85.32,S3,3,22,4
71.447,85.32,S3,4,22,4
10.014,15.61,S3,2,20,
57.043,28.73,S3,2,20,
10.016,15.03,S3,2,20,
10.009,15.61,S3,2,20,
26.098,28.73,S3,3,20,
10.082,18.78,S3,4,20,
10.016,15.61,S3,2,20,
41.589,25.73,S3,4,20,
10.082,15.61,S3,3,20,
10.111,13.45,S3,3,20,
20.753,34.09,S3,2,23,
14.916,17.86,S3,2,21,
60.718,54.54,S3,3,21,
51.804,36.09,S3,4,21,
10.010,15.61,S3,2,26,
17.856,17.37,S3,3,26,
18.063,17.37,S3,4,26,
11.684,20.46,S3,2,20,
10.075,15.61,S3,3,20,
16.233,17.29,S3,2,30,
17.254,17.29,S3,3,30,
16.268,17.29,S3,4,30,
10.080,18.19,S3,3,20,
10.009,15.61,S3,2,20,
94.716,88.49,S3,4,20,4
26.051,27.73,S3,2,20,
10.075,18.19,S3,3,20,
29.555,46.53,S3,4,20,
10.010,15.61,S3,2,26,
53.652,55.13,S3,3,26,
54.581,56.71,S3,4,26,
10.087,13.45,S3,2,20,
10.013,15.03,S3,2,20,
15.080,24.73,S3,3,20,
42.790,27.68,S3,2,20,
10.081,13.45,S3,2,20,
10.016,15.03,S3,2,20,
10.017,15.03,S3,2,20,
10.011,15.61,S3,2,20,
10.119,18.78,S3,4,20,
10.097,15.61,S3,3,20,
183.382,82.15,S3,3,24,4
10.012,15.61,S3,2,20,
26.518,38.09,S3,4,20,
10.010,15.61,S3,2,25,
85.469,85.32,S3,3,25,4
51.878,43.91,S3,4,25,
54.163,19.20,S3,2,20,
10.020,15.03,S3,2,20,
10.020,15.03,S3,2,20,
10.018,15.03,S3,2,20,
10.015,15.61,S3,2,20,
18.608,17.86,S3,3,20,
27.561,56.73,S3,4,20,
10.137,13.45,S3,2,20,
10.178,15.03,S3,3,20,
10.017,15.03,S3,2,20,
10.039,15.03,S3,2,20,
10.015,15.03,S3,2,20,
10.063,13.45,S3,2,20,
10.140,13.45,S3,4,20,
10.016,15.03,S3,2,20,
10.010,15.61,S3,2,20,
56.110,54.38,S3,3,20,
10.109,13.45,S3,2,20,
204.509,101.72,S3,4,20,5
10.008,15.61,S3,2,20,
22.909,17.86,S3,2,30,
15.191,52.73,S3,4,30,
10.009,15.61,S3,2,20,
14.649,25.73,S3,3,20,
28.923,56.73,S3,4,20,
10.012,15.03,S3,2,24,
118.701,82.15,S3,4,24,4
10.009,15.61,S3,2,20,
10.086,15.61,S3,3,20,
10.090,15.61,S3,4,20,
57.983,55.96,S3,2,22,
55.723,28.73,S3,2,20,
10.011,15.03,S3,2,20,
22.064,54.73,S3,2,20,
10.301,15.03,S3,2,20,
10.213,13.45,S3,2,25,
10.257,13.45,S3,3,25,
10.182,13.45,S3,4,25,
10.176,13.45,S3,5,25,
10.174,13.45,S3,7,25,
184.888,97.72,S3,3,26,5
179.643,97.72,S3,4,26,5
184.654,97.72,S3,5,26,5
187.406,97.72,S3,7,26,5
10.010,15.03,S3,2,26,
10.079,15.03,S3,3,26,
10.147,15.03,S3,4,26,
10.079,15.03,S3,5,26,
10.081,15.03,S3,7,26,
27.319,15.70,S3,2,20,
10.099,13.45,S3,2,22,
10.108,13.45,S3,3,22,
10.115,13.45,S3,4,22,
10.110,13.45,S3,5,22,
10.111,13.45,S3,7,22,
10.009,15.61,S3,2,20,
10.188,15.61,S3,3,20,
10.086,15.61,S3,4,20,
10.104,15.61,S3,5,20,
10.088,15.61,S3,7,20,
10.009,15.61,S3,2,26,
19.325,15.61,S3,3,26,
23.516,15.61,S3,4,26,
18.866,15.61,S3,5,26,
18.660,15.61,S3,7,26,
10.014,15.03,S3,2,20,
10.016,15.03,S3,2,20,
27.691,24.11,S3,3,20,
15.588,24.11,S3,4,20,
16.917,24.11,S3,5,20,
15.387,24.11,S3,7,20,
13.915,17.62,S3,2,20,
13.489,16.62,S3,2,26,
21.110,16.62,S3,3,26,
24.670,16.62,S3,4,26,
21.393,16.62,S3,5,26,
21.164,16.62,S3,7,26,
10.015,15.03,S3,2,20,
15.928,17.86,S3,2,20,
15.785,31.98,S3,3,20,
18.123,36.09,S3,4,20,
22.477,40.34,S3,5,20,
16.827,36.09,S3,7,20,
313.298,116.78,S3,7,20,6
15.085,17.86,S3,2,20,
14.686,26.73,S3,3,20,
14.998,37.09,S3,4,20,
15.316,35.09,S3,5,20,
14.836,35.09,S3,7,20,
10.015,15.61,S3,2,20,
14.997,24.11,S3,3,20,
10.085,15.61,S3,4,20,
14.788,26.73,S3,5,20,
14.985,26.73,S3,7,20,
40.981,19.20,S3,3,20,
61.221,36.09,S3,4,20,
46.049,43.26,S3,5,20,
14.739,17.86,S3,2,20,
10.082,15.61,S3,3,20,
15.022,28.73,S3,4,20,
15.484,36.09,S3,5,20,
22.524,37.09,S3,7,20,
14.937,17.86,S3,2,20,
41.607,26.06,S3,3,20,
15.168,17.86,S3,4,20,
21.010,41.34,S3,5,20,
75.306,53.54,S3,7,20,
10.015,15.61,S3,2,20,
10.082,15.61,S3,3,20,
14.899,17.86,S3,4,20,
19.719,28.73,S3,5,20,
18.441,28.73,S3,7,20,
10.088,13.45,S3,2,20,
313.722,116.78,S3,5,20,6
10.122,13.45,S3,2,20,
10.147,28.84,S3,3,20,
273.677,116.78,S3,3,26,6
270.521,116.78,S3,4,26,6
228.687,116.78,S3,5,26,6
262.703,116.78,S3,7,26,6
15.085,17.62,S3,2,25,
185.714,97.72,S3,3,25,5
226.211,101.72,S3,4,25,5
10.010,15.61,S3,2,20,
10.079,15.61,S3,3,20,
10.074,15.61,S3,4,20,
10.075,15.61,S3,5,20,
10.074,15.61,S3,7,20,
37.406,49.62,S3,2,26,
48.872,49.62,S3,3,26,
45.996,49.62,S3,4,26,
51.034,49.62,S3,5,26,
44.095,49.62,S3,7,26,
15.801,15.70,S3,2,20,
16.067,16.62,S3,2,20,
27.293,15.70,S3,2,20,
10.192,13.45,S3,2,20,
15.096,28.73,S3,3,20,
14.708,24.73,S3,4,20,
15.006,28.73,S3,5,20,
14.975,28.73,S3,7,20,
24.515,24.11,S3,2,23,
282.302,116.78,S3,4,23,6
249.945,116.78,S3,5,23,6
277.729,116.78,S3,7,23,6
60.207,25.73,S3,2,20,
41.542,28.73,S3,3,20,
47.472,28.73,S3,4,20,
47.675,28.73,S3,5,20,
18.265,28.73,S3,7,20,
10.019,15.03,S3,2,20,
10.093,15.03,S3,3,20,
10.139,15.03,S3,4,20,
10.011,15.03,S3,2,25,
10.101,15.03,S3,4,25,
15.957,17.86,S3,2,20,
23.004,17.86,S3,3,20,
14.899,17.86,S3,4,20,
15.050,17.86,S3,5,20,
25.713,17.86,S3,7,20,
10.204,13.45,S3,2,20,
10.144,13.45,S3,2,20,
10.135,19.19,S3,3,20,
10.154,15.61,S3,4,20,
10.626,22.48,S3,5,20,
10.399,22.48,S3,7,20,
10.015,15.61,S3,2,23,
10.303,13.45,S3,2,20,
10.165,18.19,S3,3,20,
10.146,22.48,S3,4,20,
10.143,22.48,S3,5,20,
10.187,22.48,S3,7,20,
22.303,54.73,S3,2,21,
10.900,16.62,S3,2,26,
17.695,16.62,S3,3,26,
22.947,16.62,S3,4,26,
20.881,16.62,S3,5,26,
21.474,16.62,S3,7,26,
10.010,15.61,S3,2,24,
10.013,15.03,S3,2,20,
40.827,19.20,S3,2,20,
15.832,17.86,S3,3,20,
41.731,26.06,S3,4,20,
17.778,13.45,S3,2,26,
17.290,13.45,S3,3,26,
17.408,13.45,S3,4,26,
17.645,13.45,S3,5,26,
17.279,13.45,S3,7,26,
10.090,15.03,S4,3,125,
13.946,15.61,S4,3,125,
13.227,22.48,S4,3,125,
23.798,15.70,S4,3,125,
18.986,17.86,S4,3,125,
18.027,24.73,S4,3,125,
12.416,22.48,S4,3,125,
19.540,17.86,S4,3,125,
15.188,28.84,S4,3,125,
10.094,15.03,S4,3,125,
14.205,15.61,S4,3,125,
15.202,22.48,S4,3,125,
13.144,46.78,S4,3,125,
17.653,17.86,S4,3,125,
18.466,24.73,S4,3,125,
12.587,22.48,S4,3,125,
16.621,17.86,S4,3,125,
12.045,28.84,S4,3,125,
10.216,15.03,S4,3,125,
14.587,15.61,S4,3,125,
13.170,22.48,S4,3,125,
422.097,80.56,S4,3,125,4
17.788,17.86,S4,3,125,
17.605,24.73,S4,3,125,
12.551,22.48,S4,3,125,
17.634,17.86,S4,3,125,
12.397,28.84,S4,3,125,
10.087,15.03,S4,3,125,
214.118,64.81,S4,3,125,3
13.452,22.48,S4,3,125,
10.222,13.45,S4,3,125,
10.211,13.45,S4,3,125,
10.209,13.45,S4,3,125,
13.517,22.48,S4,3,125,
17.096,28.84,S4,3,125,
10.095,15.03,S4,3,125,
42.474,20.43,S4,3,125,
10.234,13.45,S4,3,125,
10.209,13.45,S4,3,125,
10.222,13.45,S4,3,125,
14.804,22.48,S4,3,125,
12.481,28.84,S4,3,125,
10.116,15.03,S4,3,125,
12.574,22.48,S4,3,125,
10.249,13.45,S4,3,125,
10.223,13.45,S4,3,125,
13.456,22.48,S4,3,125,
12.201,28.84,S4,3,125,
10.089,15.03,S4,3,125,
43.937,20.43,S4,3,125,
13.291,22.48,S4,3,125,
17.483,24.73,S4,3,125,
16.680,17.86,S4,3,125,
16.952,31.09,S4,3,125,
13.035,22.48,S4,3,125,
14.277,15.61,S4,3,125,
12.533,28.84,S4,3,125,
10.089,15.03,S4,3,125,
43.056,22.07,S4,3,125,
17.512,17.86,S4,3,125,
22.142,17.86,S4,3,125,
12.407,22.48,S4,3,125,
13.615,15.61,S4,3,125,
12.074,28.84,S4,3,125,
10.084,15.03,S4,3,125,
43.960,54.73,S4,3,125,
12.060,22.48,S4,3,125,
16.793,24.73,S4,3,125,
16.608,17.86,S4,3,125,
16.401,40.34,S4,3,125,
11.899,22.48,S4,3,125,
43.084,39.77,S4,3,125,
11.823,28.84,S4,3,125,
10.096,15.03,S4,3,125,
12.324,15.61,S4,3,125,
11.601,22.48,S4,3,125,
21.388,15.70,S4,3,125,
16.250,17.86,S4,3,125,
57.168,19.20,S4,3,125,
39.070,17.86,S4,3,125,
26.712,28.84,S4,3,125,
10.240,15.03,S4,3,125,
22.584,15.61,S4,3,125,
45.384,46.78,S4,3,125,
70.828,17.86,S4,3,125,
53.443,17.86,S4,3,125,
44.141,28.84,S4,3,125,
10.147,15.03,S4,3,125,
68.190,22.48,S4,3,125,
216.676,17.86,S4,3,125,
27.174,17.86,S4,3,125,
18.418,28.84,S4,3,125,
10.147,15.03,S4,3,125,
221.139,82.15,S4,3,125,4
48.943,43.91,S4,3,125,
10.340,13.45,S4,3,125,
10.341,13.45,S4,3,125,
10.344,13.45,S4,3,125,
19.550,28.84,S4,3,125,
10.145,15.03,S4,3,125,
54.572,20.43,S4,3,125,
26.894,24.73,S4,3,125,
10.359,13.45,S4,3,125,
10.349,13.45,S4,3,125,
10.351,13.45,S4,3,125,
27.783,24.73,S4,3,125,
48.591,26.06,S4,3,125,
19.603,28.84,S4,3,125,
10.148,15.03,S4,3,125,
49.120,19.20,S4,3,125,
10.345,13.45,S4,3,125,
48.735,28.21,S4,3,125,
27.116,40.34,S4,3,125,
19.159,28.84,S4,3,125,
10.157,15.03,S4,3,125,
48.950,20.43,S4,3,125,
224.036,82.15,S4,3,125,4
60.787,17.86,S4,3,125,
48.692,28.21,S4,3,125,
19.341,28.84,S4,3,125,
10.188,15.03,S4,3,125,
27.890,17.86,S4,3,125,
11.960,28.84,S4,3,125,
10.091,15.03,S4,3,125,
11.535,22.48,S4,3,125,
16.391,17.86,S4,3,125,
43.403,41.26,S4,3,125,
42.981,46.15,S4,3,125,
11.509,28.84,S4,3,125,
10.084,15.03,S4,3,125,
11.895,15.61,S4,3,125,
11.598,22.48,S4,3,125,
20.991,15.70,S4,3,125,
16.858,17.86,S4,3,125,
15.990,24.73,S4,3,125,
42.492,26.03,S4,3,125,
11.579,28.84,S4,3,125,
10.084,15.03,S4,3,125,
11.689,15.61,S4,3,125,
13.407,46.78,S4,3,125,
16.580,17.86,S4,3,125,
16.660,17.86,S4,3,125,
11.843,28.84,S4,3,125,
10.086,15.03,S4,3,125,
12.053,15.61,S4,3,125,
11.431,22.48,S4,3,125,
16.893,17.86,S4,3,125,
16.274,24.73,S4,3,125,
211.894,83.73,S4,3,125,4
16.846,17.86,S4,3,125,
11.559,28.84,S4,3,125,
10.087,15.03,S4,3,125,
207.268,64.81,S4,3,125,3
11.217,22.48,S4,3,125,
10.206,13.45,S4,3,125,
10.196,13.45,S4,3,125,
42.957,26.03,S4,3,125,
11.809,28.84,S4,3,125,
10.092,15.03,S4,3,125,
43.025,20.43,S4,3,125,
10.230,13.45,S4,3,125,
10.242,13.45,S4,3,125,
11.884,28.84,S4,3,125,
10.086,15.03,S4,3,125,
11.765,22.48,S4,3,125,
10.211,13.45,S4,3,125,
42.032,42.26,S4,3,125,
211.870,83.73,S4,3,125,4
12.193,28.84,S4,3,125,
10.087,15.03,S4,3,125,
43.420,20.43,S4,3,125,
11.559,22.48,S4,3,125,
43.920,33.90,S4,3,125,
16.357,17.86,S4,3,125,
16.663,31.09,S4,3,125,
42.403,26.03,S4,3,125,
11.704,28.84,S4,3,125,
10.086,15.03,S4,3,125,
41.488,22.07,S4,3,125,
16.239,33.98,S4,3,125,
17.632,17.86,S4,3,125,
16.561,31.09,S4,3,125,
421.820,64.81,S4,3,125,3
13.148,15.61,S4,3,125,
11.839,28.84,S4,3,125,
10.086,15.03,S4,3,125,
11.732,22.48,S4,3,125,
16.562,17.86,S4,3,125,
16.614,31.09,S4,3,125,
212.825,83.73,S4,3,125,4
17.256,17.86,S4,3,125,
11.568,28.84,S4,3,125,
10.089,15.03,S4,3,125,
11.702,15.61,S4,3,125,
11.627,22.48,S4,3,125,
21.340,15.70,S4,3,125,
16.309,17.86,S4,3,125,
16.453,24.73,S4,3,125,
12.024,22.48,S4,3,125,
11.779,28.84,S4,3,125,
10.086,15.03,S4,3,125,
11.785,15.61,S4,3,125,
13.051,46.78,S4,3,125,
16.598,17.86,S4,3,125,
16.500,24.73,S4,3,125,
11.578,22.48,S4,3,125,
42.872,37.77,S4,3,125,
11.595,28.84,S4,3,125,
10.087,15.03,S4,3,125,
11.681,22.48,S4,3,125,
428.368,80.56,S4,3,125,4
16.514,17.86,S4,3,125,
16.186,24.73,S4,3,125,
11.658,22.48,S4,3,125,
11.850,28.84,S4,3,125,
10.086,15.03,S4,3,125,
208.664,64.81,S4,3,125,3
11.534,22.48,S4,3,125,
10.197,13.45,S4,3,125,
10.203,13.45,S4,3,125,
10.200,13.45,S4,3,125,
12.088,22.48,S4,3,125,
11.637,28.84,S4,3,125,
10.086,15.03,S4,3,125,
41.469,20.43,S4,3,125,
10.201,13.45,S4,3,125,
10.209,13.45,S4,3,125,
10.256,13.45,S4,3,125,
11.880,22.48,S4,3,125,
43.286,28.93,S4,3,125,
11.209,28.84,S4,3,125,
10.087,15.03,S4,3,125,
11.591,22.48,S4,3,125,
10.206,13.45,S4,3,125,
10.219,13.45,S4,3,125,
10.206,13.45,S4,3,125,
11.360,22.48,S4,3,125,
11.694,28.84,S4,3,125,
10.088,15.03,S4,3,125,
42.536,20.43,S4,3,125,
11.526,22.48,S4,3,125,
16.292,24.73,S4,3,125,
16.684,17.86,S4,3,125,
12.943,22.48,S4,3,125,
43.000,35.55,S4,3,125,
11.422,28.84,S4,3,125,
10.085,15.03,S4,3,125,
16.700,17.86,S4,3,125,
211.706,63.81,S4,3,125,3
12.102,22.48,S4,3,125,
43.302,21.35,S4,3,125,
12.773,28.84,S4,3,125,
10.090,15.03,S4,3,125,
12.809,22.48,S4,3,125,
43.456,33.90,S4,3,125,
17.237,17.86,S4,3,125,
17.192,40.34,S4,3,125,
12.118,22.48,S4,3,125,
12.211,28.84,S4,3,125,
10.099,15.03,S4,3,125,
12.591,15.61,S4,3,125,
12.428,22.48,S4,3,125,
22.528,15.70,S4,3,125,
16.827,17.86,S4,3,125,
41.945,19.20,S4,3,125,
12.680,28.84,S4,3,125,
10.086,15.03,S4,3,125,
11.564,15.61,S4,3,125,
12.644,46.78,S4,3,125,
16.541,17.86,S4,3,125,
11.685,28.84,S4,3,125,
10.084,15.03,S4,3,125,
16.605,17.86,S4,3,125,
285.979,101.72,S4,3,125,5
13.562,28.84,S4,3,125,
10.086,15.03,S4,3,125,
211.987,64.81,S4,3,125,3
42.806,43.91,S4,3,125,
10.199,13.45,S4,3,125,
10.216,13.45,S4,3,125,
10.199,13.45,S4,3,125,
13.244,28.84,S4,3,125,
10.085,15.03,S4,3,125,
42.585,20.43,S4,3,125,
16.417,24.73,S4,3,125,
10.206,13.45,S4,3,125,
10.211,13.45,S4,3,125,
10.205,13.45,S4,3,125,
16.801,24.73,S4,3,125,
16.969,24.73,S4,3,125,
11.445,28.84,S4,3,125,
10.089,15.03,S4,3,125,
41.951,26.06,S4,3,125,
10.221,13.45,S4,3,125,
10.209,13.45,S4,3,125,
10.212,13.45,S4,3,125,
16.887,40.34,S4,3,125,
12.108,28.84,S4,3,125,
11.558,28.84,S4,3,125,
10.095,15.03,S4,3,125,
42.803,20.43,S4,3,125,
273.669,101.72,S4,3,125,5
18.141,17.86,S4,3,125,
42.560,28.21,S4,3,125,
16.735,28.84,S4,3,125,
10.091,15.03,S4,3,125,
17.336,17.86,S4,3,125,
12.725,28.84,S4,3,125,
10.089,15.03,S4,3,125,
17.455,17.86,S4,3,125,
16.641,17.86,S4,3,125,
14.105,28.84,S4,3,125,
12.087,28.84,S4,3,125,
10.087,15.03,S4,3,125,
12.067,15.61,S4,3,125,
11.965,22.48,S4,3,125,
22.569,15.70,S4,3,125,
16.442,17.86,S4,3,125,
43.129,26.03,S4,3,125,
12.460,28.84,S4,3,125,
10.085,15.03,S4,3,125,
11.580,15.61,S4,3,125,
13.014,46.78,S4,3,125,
16.534,17.86,S4,3,125,
11.002,28.84,S4,3,125,
10.084,15.03,S4,3,125,
11.994,22.48,S4,3,125,
17.291,17.86,S4,3,125,
212.681,83.73,S4,3,125,4
20.637,28.84,S4,3,125,
10.161,15.03,S4,3,125,
221.201,82.15,S4,3,125,4
12.721,22.48,S4,3,125,
10.240,13.45,S4,3,125,
10.227,13.45,S4,3,125,
10.244,13.45,S4,3,125,
44.985,26.03,S4,3,125,
13.951,28.84,S4,3,125,
10.102,15.03,S4,3,125,
42.633,20.43,S4,3,125,
44.513,33.90,S4,3,125,
10.214,13.45,S4,3,125,
10.208,13.45,S4,3,125,
10.221,13.45,S4,3,125,
18.110,24.73,S4,3,125,
13.305,28.84,S4,3,125,
10.087,15.03,S4,3,125,
14.006,22.48,S4,3,125,
10.216,13.45,S4,3,125,
10.370,13.45,S4,3,125,
10.221,13.45,S4,3,125,
213.207,83.73,S4,3,125,4
284.945,75.30,S4,3,125,
14.259,28.84,S4,3,125,
10.113,15.03,S4,3,125,
43.625,20.43,S4,3,125,
17.351,22.48,S4,3,125,
21.013,17.86,S4,3,125,
44.377,48.13,S4,3,125,
45.153,26.03,S4,3,125,
47.294,33.90,S4,3,125,
13.537,28.84,S4,3,125,
10.096,15.03,S4,3,125,
21.079,17.86,S4,3,125,
13.857,28.84,S4,3,125,
10.098,15.03,S4,3,125,
13.209,22.48,S4,3,125,
288.732,101.72,S4,3,125,5
16.823,17.86,S4,3,125,
215.253,83.73,S4,3,125,4
13.209,28.84,S4,3,125,
12.084,28.84,S4,3,125,
10.085,15.03,S4,3,125,
12.440,15.61,S4,3,125,
12.095,22.48,S4,3,125,
21.418,15.70,S4,3,125,
16.659,17.86,S4,3,125,
18.123,24.73,S4,3,125,
13.850,22.48,S4,3,125,
17.649,40.34,S4,3,125,
11.520,28.84,S4,3,125,
10.087,15.03,S4,3,125,
13.059,15.61,S4,3,125,
14.479,46.78,S4,3,125,
17.169,17.86,S4,3,125,
17.311,24.73,S4,3,125,
11.780,22.48,S4,3,125,
44.778,34.09,S4,3,125,
12.983,28.84,S4,3,125,
10.092,15.03,S4,3,125,
43.724,39.77,S4,3,125,
12.564,22.48,S4,3,125,
423.362,80.56,S4,3,125,4
17.547,17.86,S4,3,125,
16.533,24.73,S4,3,125,
12.534,22.48,S4,3,125,
43.403,44.91,S4,3,125,
12.777,28.84,S4,3,125,
10.084,15.03,S4,3,125,
209.791,82.15,S4,3,125,4
13.549,22.48,S4,3,125,
10.210,13.45,S4,3,125,
10.213,13.45,S4,3,125,
10.209,13.45,S4,3,125,
19.284,22.48,S4,3,125,
21.782,28.84,S4,3,125,
10.152,15.03,S4,3,125,
50.435,20.43,S4,3,125,
10.342,13.45,S4,3,125,
10.351,13.45,S4,3,125,
10.340,13.45,S4,3,125,
18.794,22.48,S4,3,125,
26.680,39.34,S4,3,125,
18.323,28.84,S4,3,125,
10.151,15.03,S4,3,125,
18.989,22.48,S4,3,125,
10.346,13.45,S4,3,125,
10.343,13.45,S4,3,125,
19.023,22.48,S4,3,125,
18.847,28.84,S4,3,125,
10.146,15.03,S4,3,125,
49.901,20.43,S4,3,125,
19.503,22.48,S4,3,125,
27.768,24.73,S4,3,125,
29.982,17.86,S4,3,125,
29.554,31.09,S4,3,125,
19.977,22.48,S4,3,125,
48.246,20.43,S4,3,125,
19.253,28.84,S4,3,125,
10.145,15.03,S4,3,125,
26.337,17.86,S4,3,125,
18.240,22.48,S4,3,125,
48.805,20.43,S4,3,125,
18.424,28.84,S4,3,125,
10.146,15.03,S4,3,125,
18.446,22.48,S4,3,125,
28.168,24.73,S4,3,125,
27.036,17.86,S4,3,125,
49.187,43.91,S4,3,125,
18.290,22.48,S4,3,125,
18.631,28.84,S4,3,125,
10.149,15.03,S4,3,125,
18.521,15.61,S4,3,125,
18.666,22.48,S4,3,125,
36.297,15.70,S4,3,125,
27.907,17.86,S4,3,125,
52.171,19.20,S4,3,125,
33.018,28.84,S4,3,125,
10.191,15.03,S4,3,125,
24.674,15.61,S4,3,125,
40.759,46.78,S4,3,125,
54.336,17.86,S4,3,125,
19.045,28.84,S4,3,125,
10.147,15.03,S4,3,125,
13.267,18.37,S4,3,125,
19.386,17.86,S4,3,125,
23.446,28.84,S4,3,125,
10.165,15.03,S4,3,125,
226.572,82.15,S4,3,125,4
53.718,43.91,S4,3,125,
10.335,13.45,S4,3,125,
10.332,13.45,S4,3,125,
10.295,13.45,S4,3,125,
18.934,24.73,S4,3,125,
14.302,28.84,S4,3,125,
10.096,15.03,S4,3,125,
43.352,20.43,S4,3,125,
17.021,24.73,S4,3,125,
10.197,13.45,S4,3,125,
10.200,13.45,S4,3,125,
10.206,13.45,S4,3,125,
18.241,24.73,S4,3,125,
20.510,24.73,S4,3,125,
13.617,28.84,S4,3,125,
10.134,15.03,S4,3,125,
18.332,41.34,S4,3,125,
42.407,20.43,S4,3,125,
10.215,13.45,S4,3,125,
10.227,13.45,S4,3,125,
17.036,40.34,S4,3,125,
17.032,24.73,S4,3,125,
12.820,28.84,S4,3,125,
10.098,15.03,S4,3,125,
43.797,20.43,S4,3,125,
214.909,82.15,S4,3,125,4
17.247,17.86,S4,3,125,
57.760,28.21,S4,3,125,
16.345,28.84,S4,3,125,
10.110,15.03,S4,3,125,
43.770,20.43,S4,3,125,
16.615,17.86,S4,3,125,
12.250,28.84,S4,3,125,
10.087,15.03,S4,3,125,
42.545,17.86,S4,3,125,
12.666,28.84,S4,3,125,
10.101,15.03,S4,3,125,
15.490,15.61,S4,3,125,
13.039,22.48,S4,3,125,
24.422,15.70,S4,3,125,
20.937,17.86,S4,3,125,
19.537,24.73,S4,3,125,
45.309,26.03,S4,3,125,
46.006,28.84,S4,3,125,
10.176,15.03,S4,3,125,
18.464,15.61,S4,3,125,
19.975,46.78,S4,3,125,
23.914,17.86,S4,3,125,
15.410,28.84,S4,3,125,
10.116,15.03,S4,3,125,
43.533,22.48,S4,3,125,
55.633,17.86,S4,3,125,
36.551,24.73,S4,3,125,
228.999,83.73,S4,3,125,4
16.156,28.84,S4,3,125,
10.149,15.03,S4,3,125,
218.444,82.15,S4,3,125,4
16.440,22.48,S4,3,125,
11.241,13.45,S4,3,125,
10.415,13.45,S4,3,125,
45.974,32.43,S4,3,125,
52.765,26.03,S4,3,125,
17.010,28.84,S4,3,125,
10.134,15.03,S4,3,125,
44.421,20.43,S4,3,125,
10.450,13.45,S4,3,125,
10.227,13.45,S4,3,125,
11.944,28.84,S4,3,125,
10.087,15.03,S4,3,125,
11.781,22.48,S4,3,125,
10.213,13.45,S4,3,125,
41.516,32.43,S4,3,125,
213.760,83.73,S4,3,125,4
291.580,99.72,S4,3,125,5
11.367,28.84,S4,3,125,
10.090,15.03,S4,3,125,
42.707,20.43,S4,3,125,
11.650,22.48,S4,3,125,
42.481,33.90,S4,3,125,
16.788,17.86,S4,3,125,
16.230,31.09,S4,3,125,
43.450,26.03,S4,3,125,
12.111,28.84,S4,3,125,
10.087,15.03,S4,3,125,
16.708,17.86,S4,3,125,
16.332,32.98,S4,3,125,
437.163,82.15,S4,3,125,4
11.865,28.84,S4,3,125,
10.091,15.03,S4,3,125,
437.130,82.15,S4,3,125,4
11.730,22.48,S4,3,125,
293.242,101.72,S4,3,125,5
17.003,17.86,S4,3,125,
17.103,31.09,S4,3,125,
212.292,83.73,S4,3,125,4
436.902,82.15,S4,3,125,4
11.618,28.84,S4,3,125,
10.085,15.03,S4,3,125,
12.256,15.61,S4,3,125,
41.733,27.30,S4,3,125,
22.089,15.70,S4,3,125,
16.360,17.86,S4,3,125,
16.093,34.09,S4,3,125,
12.295,15.61,S4,3,125,
12.242,15.61,S4,3,125,
16.834,24.73,S4,3,125,
10.085,15.03,S4,3,125,
11.941,15.61,S4,3,125,
12.658,46.78,S4,3,125,
17.551,17.86,S4,3,125,
16.149,34.09,S4,3,125,
43.958,26.06,S4,3,125,
12.112,15.61,S4,3,125,
16.130,24.73,S4,3,125,
10.086,15.03,S4,3,125,
11.602,15.61,S4,3,125,
11.679,19.19,S4,3,125,
17.372,17.86,S4,3,125,
42.444,28.93,S4,3,125,
271.897,101.72,S4,3,125,5
11.793,15.61,S4,3,125,
15.970,24.73,S4,3,125,
10.090,15.03,S4,3,125,
207.022,64.81,S4,3,125,3
10.228,13.45,S4,3,125,
10.218,13.45,S4,3,125,
10.205,13.45,S4,3,125,
12.833,15.61,S4,3,125,
17.390,17.86,S4,3,125,
10.090,15.03,S4,3,125,
42.339,20.43,S4,3,125,
16.564,41.34,S4,3,125,
10.206,13.45,S4,3,125,
10.200,13.45,S4,3,125,
10.205,13.45,S4,3,125,
43.430,26.06,S4,3,125,
17.533,17.86,S4,3,125,
10.093,15.03,S4,3,125,
10.244,13.45,S4,3,125,
41.673,26.06,S4,3,125,
224.500,83.73,S4,3,125,4
18.150,17.86,S4,3,125,
10.086,15.03,S4,3,125,
274.779,101.72,S4,3,125,5
16.534,24.73,S4,3,125,
17.449,17.86,S4,3,125,
13.049,15.61,S4,3,125,
13.093,15.61,S4,3,125,
10.098,15.03,S4,3,125,
16.742,17.86,S4,3,125,
43.058,26.06,S4,3,125,
12.181,15.61,S4,3,125,
10.085,15.03,S4,3,125,
43.231,41.09,S4,3,125,
17.369,17.86,S4,3,125,
11.396,15.61,S4,3,125,
11.625,15.61,S4,3,125,
12.109,15.61,S4,3,125,
10.088,15.03,S4,3,125,
12.047,15.61,S4,3,125,
42.726,27.30,S4,3,125,
21.580,15.70,S4,3,125,
17.105,17.86,S4,3,125,
20.280,17.86,S4,3,125,
42.433,42.26,S4,3,125,
16.128,24.73,S4,3,125,
10.089,15.03,S4,3,125,
11.805,15.61,S4,3,125,
43.721,28.93,S4,3,125,
12.551,46.78,S4,3,125,
16.931,17.86,S4,3,125,
12.129,15.61,S4,3,125,
16.010,24.73,S4,3,125,
10.086,15.03,S4,3,125,
17.740,17.86,S4,3,125,
17.330,24.73,S4,3,125,
10.086,15.03,S4,3,125,
210.038,64.81,S4,3,125,3
428.932,63.81,S4,3,125,3
10.379,13.45,S4,3,125,
10.369,13.45,S4,3,125,
11.046,13.45,S4,3,125,
44.930,17.86,S4,3,125,
10.717,15.03,S4,3,125,
52.771,20.43,S4,3,125,
47.125,24.73,S4,3,125,
10.603,13.45,S4,3,125,
10.552,13.45,S4,3,125,
10.520,13.45,S4,3,125,
64.369,17.86,S4,3,125,
58.876,20.43,S4,3,125,
41.422,17.86,S4,3,125,
10.129,15.03,S4,3,125,
10.209,13.45,S4,3,125,
42.654,28.21,S4,3,125,
18.192,17.86,S4,3,125,
17.205,17.86,S4,3,125,
10.085,15.03,S4,3,125,
28.124,17.86,S4,3,125,
44.815,45.15,S4,3,125,
21.779,15.61,S4,3,125,
10.804,15.03,S4,3,125,
22.302,15.61,S4,3,125,
45.197,17.86,S4,3,125,
230.082,82.15,S4,3,125,4
20.751,15.61,S4,3,125,
21.428,15.61,S4,3,125,
19.197,15.61,S4,3,125,
10.152,15.03,S4,3,125,
27.380,17.86,S4,3,125,
20.279,15.61,S4,3,125,
19.453,15.61,S4,3,125,
19.257,15.61,S4,3,125,
10.163,15.03,S4,3,125,
20.457,15.61,S4,3,125,
44.484,15.70,S4,3,125,
28.506,17.86,S4,3,125,
28.819,17.86,S4,3,125,
27.842,24.73,S4,3,125,
10.147,15.03,S4,3,125,
18.773,15.61,S4,3,125,
21.438,46.78,S4,3,125,
28.316,17.86,S4,3,125,
26.385,24.73,S4,3,125,
10.145,15.03,S4,3,125,
18.922,19.19,S4,3,125,
27.469,17.86,S4,3,125,
34.425,24.73,S4,3,125,
10.175,15.03,S4,3,125,
228.245,82.15,S4,3,125,4
10.492,13.45,S4,3,125,
10.505,13.45,S4,3,125,
46.268,17.86,S4,3,125,
10.233,15.03,S4,3,125,
50.996,20.43,S4,3,125,
10.473,13.45,S4,3,125,
10.588,13.45,S4,3,125,
56.393,20.43,S4,3,125,
21.442,17.86,S4,3,125,
10.088,15.03,S4,3,125,
10.231,13.45,S4,3,125,
20.867,17.86,S4,3,125,
10.108,15.03,S4,3,125,
19.472,17.86,S4,3,125,
18.009,42.34,S4,3,125,
12.914,15.61,S4,3,125,
10.116,15.03,S4,3,125,
42.110,27.30,S4,3,125,
16.767,17.86,S4,3,125,
43.960,37.78,S4,3,125,
198.128,61.33,S4,3,125,
14.572,15.61,S4,3,125,
10.092,15.03,S4,3,125,
17.596,31.09,S4,3,125,
18.385,17.86,S4,3,125,
12.499,15.61,S4,3,125,
12.347,15.61,S4,3,125,
10.088,15.03,S4,3,125,
12.188,15.61,S4,3,125,
43.324,27.30,S4,3,125,
21.821,15.70,S4,3,125,
16.879,17.86,S4,3,125,
43.631,46.15,S4,3,125,
12.439,15.61,S4,3,125,
16.822,24.73,S4,3,125,
16.500,24.73,S4,3,125,
10.086,15.03,S4,3,125,
12.077,15.61,S4,3,125,
13.249,46.78,S4,3,125,
16.806,17.86,S4,3,125,
16.655,24.73,S4,3,125,
17.017,24.73,S4,3,125,
16.956,24.73,S4,3,125,
10.097,15.03,S4,3,125,
12.864,19.19,S4,3,125,
18.729,17.86,S4,3,125,
273.447,101.72,S4,3,125,5
18.350,24.73,S4,3,125,
10.087,15.03,S4,3,125,
211.214,64.81,S4,3,125,3
10.256,13.45,S4,3,125,
10.251,13.45,S4,3,125,
10.221,13.45,S4,3,125,
18.586,15.61,S4,3,125,
465.649,97.72,S4,3,125,5
29.861,17.86,S4,3,125,
10.147,15.03,S4,3,125,
48.306,20.43,S4,3,125,
39.990,41.34,S4,3,125,
10.347,13.45,S4,3,125,
10.460,13.45,S4,3,125,
10.817,13.45,S4,3,125,
50.085,35.90,S4,3,125,
29.538,17.86,S4,3,125,
28.720,17.86,S4,3,125,
10.157,15.03,S4,3,125,
10.490,13.45,S4,3,125,
10.330,13.45,S4,3,125,
10.254,13.45,S4,3,125,
20.225,17.86,S4,3,125,
19.592,17.86,S4,3,125,
10.095,15.03,S4,3,125,
18.413,24.73,S4,3,125,
17.551,17.86,S4,3,125,
12.118,15.61,S4,3,125,
18.040,15.61,S4,3,125,
10.137,15.03,S4,3,125,
18.046,17.86,S4,3,125,
16.138,15.61,S4,3,125,
10.155,15.03,S4,3,125,
45.325,41.09,S4,3,125,
21.399,17.86,S4,3,125,
428.947,82.15,S4,3,125,4
14.917,15.61,S4,3,125,
17.119,15.61,S4,3,125,
15.275,15.61,S4,3,125,
10.104,15.03,S4,3,125,
15.973,15.61,S4,3,125,
46.243,27.30,S4,3,125,
24.228,15.70,S4,3,125,
17.271,17.86,S4,3,125,
424.717,64.81,S4,3,125,3
19.804,17.86,S4,3,125,
21.971,24.73,S4,3,125,
10.097,15.03,S4,3,125,
13.568,15.61,S4,3,125,
44.291,28.93,S4,3,125,
13.239,46.78,S4,3,125,
17.194,17.86,S4,3,125,
480.802,116.78,S4,3,125,6
496.741,114.45,S4,3,125,6
20.444,24.73,S4,3,125,
10.132,15.03,S4,3,125,
13.480,19.19,S4,3,125,
15.904,17.86,S4,3,125,
16.116,24.73,S4,3,125,
16.206,24.73,S4,3,125,
10.088,15.03,S4,3,125,
208.175,64.81,S4,3,125,3
421.789,63.81,S4,3,125,3
10.208,13.45,S4,3,125,
10.212,13.45,S4,3,125,
10.204,13.45,S4,3,125,
17.554,17.86,S4,3,125,
17.287,17.86,S4,3,125,
10.085,15.03,S4,3,125,
42.186,20.43,S4,3,125,
16.091,24.73,S4,3,125,
10.208,13.45,S4,3,125,
10.196,13.45,S4,3,125,
10.212,13.45,S4,3,125,
17.407,17.86,S4,3,125,
17.183,17.86,S4,3,125,
17.438,17.86,S4,3,125,
10.086,15.03,S4,3,125,
41.360,44.26,S4,3,125,
16.333,24.73,S4,3,125,
10.220,13.45,S4,3,125,
10.203,13.45,S4,3,125,
10.211,13.45,S4,3,125,
17.157,17.86,S4,3,125,
17.122,17.86,S4,3,125,
17.102,17.86,S4,3,125,
10.088,15.03,S4,3,125,
42.893,42.91,S4,3,125,
42.168,36.55,S4,3,125,
16.824,17.86,S4,3,125,
17.041,17.86,S4,3,125,
43.170,45.15,S4,3,125,
11.997,15.61,S4,3,125,
12.098,15.61,S4,3,125,
10.090,15.03,S4,3,125,
42.452,42.91,S4,3,125,
16.554,31.09,S4,3,125,
16.751,17.86,S4,3,125,
16.881,17.86,S4,3,125,
16.682,17.86,S4,3,125,
11.732,15.61,S4,3,125,
11.681,15.61,S4,3,125,
11.969,15.61,S4,3,125,
10.085,15.03,S4,3,125,
42.231,42.91,S4,3,125,
16.104,31.09,S4,3,125,
16.944,17.86,S4,3,125,
16.552,17.86,S4,3,125,
17.037,17.86,S4,3,125,
12.171,15.61,S4,3,125,
11.907,15.61,S4,3,125,
11.952,15.61,S4,3,125,
10.092,15.03,S4,3,125,
11.730,15.61,S4,3,125,
22.221,15.70,S4,3,125,
16.727,17.86,S4,3,125,
16.803,31.98,S4,3,125,
16.932,24.73,S4,3,125,
10.086,15.03,S4,3,125,
11.964,15.61,S4,3,125,
12.865,46.78,S4,3,125,
16.875,17.86,S4,3,125,
16.535,24.73,S4,3,125,
10.086,15.03,S4,3,125,
11.755,19.19,S4,3,125,
16.991,17.86,S4,3,125,
440.937,83.73,S4,3,125,4
16.091,24.73,S4,3,125,
10.087,15.03,S4,3,125,
207.040,64.81,S4,3,125,3
41.779,41.26,S4,3,125,
10.200,13.45,S4,3,125,
10.196,13.45,S4,3,125,
10.200,13.45,S4,3,125,
17.151,17.86,S4,3,125,
17.962,17.86,S4,3,125,
10.086,15.03,S4,3,125,
42.199,20.43,S4,3,125,
42.485,43.91,S4,3,125,
10.204,13.45,S4,3,125,
10.199,13.45,S4,3,125,
10.211,13.45,S4,3,125,
17.448,17.86,S4,3,125,
17.268,17.86,S4,3,125,
17.995,17.86,S4,3,125,
10.084,15.03,S4,3,125,
48.593,44.26,S4,3,125,
16.202,24.73,S4,3,125,
10.199,13.45,S4,3,125,
10.201,13.45,S4,3,125,
10.198,13.45,S4,3,125,
17.207,17.86,S4,3,125,
17.172,17.86,S4,3,125,
17.159,17.86,S4,3,125,
10.086,15.03,S4,3,125,
41.647,44.91,S4,3,125,
43.487,33.90,S4,3,125,
42.288,34.90,S4,3,125,
16.720,17.86,S4,3,125,
16.568,17.86,S4,3,125,
16.915,17.86,S4,3,125,
11.739,15.61,S4,3,125,
11.863,15.61,S4,3,125,
10.085,15.03,S4,3,125,
41.745,42.91,S4,3,125,
495.435,116.78,S4,3,125,6
424.838,82.15,S4,3,125,4
16.388,17.86,S4,3,125,
17.078,17.86,S4,3,125,
43.092,36.55,S4,3,125,
11.961,15.61,S4,3,125,
12.095,15.61,S4,3,125,
10.091,15.03,S4,3,125,
43.322,41.26,S4,3,125,
16.551,31.09,S4,3,125,
16.565,17.86,S4,3,125,
16.777,17.86,S4,3,125,
16.794,17.86,S4,3,125,
43.043,20.43,S4,3,125,
11.756,15.61,S4,3,125,
11.855,15.61,S4,3,125,
10.087,15.03,S4,3,125,
12.020,15.61,S4,3,125,
41.555,27.30,S4,3,125,
22.475,15.70,S4,3,125,
16.716,17.86,S4,3,125,
11.940,15.61,S4,3,125,
16.367,24.73,S4,3,125,
10.084,15.03,S4,3,125,
11.932,15.61,S4,3,125,
12.581,46.78,S4,3,125,
16.540,17.86,S4,3,125,
42.586,46.15,S4,3,125,
16.185,24.73,S4,3,125,
10.084,15.03,S4,3,125,
11.772,19.19,S4,3,125,
16.294,17.86,S4,3,125,
270.945,101.72,S4,3,125,5
55.931,60.38,S4,3,125,
16.577,24.73,S4,3,125,
10.089,15.03,S4,3,125,
206.926,64.81,S4,3,125,3
10.216,13.45,S4,3,125,
10.196,13.45,S4,3,125,
10.197,13.45,S4,3,125,
11.829,15.61,S4,3,125,
17.103,17.86,S4,3,125,
10.085,15.03,S4,3,125,
41.762,20.43,S4,3,125,
16.203,41.34,S4,3,125,
10.196,13.45,S4,3,125,
10.201,13.45,S4,3,125,
10.203,13.45,S4,3,125,
17.605,17.86,S4,3,125,
10.085,15.03,S4,3,125,
10.216,13.45,S4,3,125,
17.506,17.86,S4,3,125,
10.088,15.03,S4,3,125,
287.498,101.72,S4,3,125,5
16.147,24.73,S4,3,125,
17.616,17.86,S4,3,125,
12.152,15.61,S4,3,125,
12.035,15.61,S4,3,125,
10.085,15.03,S4,3,125,
16.655,17.86,S4,3,125,
41.671,48.13,S4,3,125,
12.296,15.61,S4,3,125,
10.088,15.03,S4,3,125,
43.908,41.09,S4,3,125,
17.312,17.86,S4,3,125,
12.415,15.61,S4,3,125,
12.105,15.61,S4,3,125,
11.820,15.61,S4,3,125,
10.094,15.03,S4,3,125,
12.109,15.61,S4,3,125,
42.974,27.30,S4,3,125,
22.585,15.70,S4,3,125,
16.358,17.86,S4,3,125,
17.406,17.86,S4,3,125,
16.087,24.73,S4,3,125,
10.085,15.03,S4,3,125,
11.842,15.61,S4,3,125,
43.128,28.93,S4,3,125,
12.822,46.78,S4,3,125,
16.685,17.86,S4,3,125,
12.468,15.61,S4,3,125,
16.624,24.73,S4,3,125,
10.084,15.03,S4,3,125,
16.675,17.86,S4,3,125,
16.398,24.73,S4,3,125,
10.084,15.03,S4,3,125,
207.182,64.81,S4,3,125,3
422.572,63.81,S4,3,125,3
10.205,13.45,S4,3,125,
10.203,13.45,S4,3,125,
10.197,13.45,S4,3,125,
41.970,20.43,S4,3,125,
17.599,17.86,S4,3,125,
10.089,15.03,S4,3,125,
43.790,20.43,S4,3,125,
17.234,24.73,S4,3,125,
10.211,13.45,S4,3,125,
10.221,13.45,S4,3,125,
10.259,13.45,S4,3,125,
17.841,17.86,S4,3,125,
43.774,20.43,S4,3,125,
17.887,17.86,S4,3,125,
10.088,15.03,S4,3,125,
45.833,26.06,S4,3,125,
43.716,20.43,S4,3,125,
10.209,13.45,S4,3,125,
10.207,13.45,S4,3,125,
17.588,17.86,S4,3,125,
42.282,20.43,S4,3,125,
17.273,17.86,S4,3,125,
10.087,15.03,S4,3,125,
41.787,42.91,S4,3,125,
41.560,43.26,S4,3,125,
17.796,17.86,S4,3,125,
17.195,17.86,S4,3,125,
44.025,45.15,S4,3,125,
12.017,15.61,S4,3,125,
11.725,15.61,S4,3,125,
10.087,15.03,S4,3,125,
42.242,27.30,S4,3,125,
16.288,31.09,S4,3,125,
17.409,17.86,S4,3,125,
16.667,17.86,S4,3,125,
16.477,17.86,S4,3,125,
11.864,15.61,S4,3,125,
12.390,15.61,S4,3,125,
11.887,15.61,S4,3,125,
10.094,15.03,S4,3,125,
42.582,27.30,S4,3,125,
16.267,31.09,S4,3,125,
16.785,17.86,S4,3,125,
16.965,17.86,S4,3,125,
17.440,17.86,S4,3,125,
11.773,15.61,S4,3,125,
12.217,15.61,S4,3,125,
12.156,15.61,S4,3,125,
10.085,15.03,S4,3,125,
12.155,15.61,S4,3,125,
21.456,15.70,S4,3,125,
16.595,17.86,S4,3,125,
42.856,26.06,S4,3,125,
16.614,24.73,S4,3,125,
10.086,15.03,S4,3,125,
12.337,15.61,S4,3,125,
13.295,46.78,S4,3,125,
16.607,17.86,S4,3,125,
17.477,24.73,S4,3,125,
10.085,15.03,S4,3,125,
40.402,43.11,S4,3,125,
17.510,17.86,S4,3,125,
16.340,24.73,S4,3,125,
288.524,99.72,S4,3,125,5
281.049,101.72,S4,3,125,5
17.051,24.73,S4,3,125,
10.087,15.03,S4,3,125,
206.291,64.81,S4,3,125,3
10.220,13.45,S4,3,125,
10.200,13.45,S4,3,125,
274.341,101.72,S4,3,125,5
225.536,83.73,S4,3,125,4
17.881,17.86,S4,3,125,
10.086,15.03,S4,3,125,
42.742,20.43,S4,3,125,
10.463,13.45,S4,3,125,
10.206,13.45,S4,3,125,
272.403,101.72,S4,3,125,5
222.662,83.73,S4,3,125,4
17.190,17.86,S4,3,125,
10.088,15.03,S4,3,125,
10.216,13.45,S4,3,125,
273.620,101.72,S4,3,125,5
225.306,83.73,S4,3,125,4
222.729,83.73,S4,3,125,4
17.110,17.86,S4,3,125,
10.089,15.03,S4,3,125,
41.791,44.91,S4,3,125,
41.641,33.90,S4,3,125,
43.109,34.90,S4,3,125,
16.712,17.86,S4,3,125,
16.625,17.86,S4,3,125,
12.334,15.61,S4,3,125,
11.966,15.61,S4,3,125,
12.099,15.61,S4,3,125,
10.092,15.03,S4,3,125,
41.927,27.30,S4,3,125,
16.277,32.98,S4,3,125,
424.845,82.15,S4,3,125,4
17.178,17.86,S4,3,125,
16.355,17.86,S4,3,125,
12.483,15.61,S4,3,125,
11.674,15.61,S4,3,125,
11.891,15.61,S4,3,125,
10.091,15.03,S4,3,125,
43.897,41.26,S4,3,125,
16.607,31.09,S4,3,125,
16.633,17.86,S4,3,125,
17.036,17.86,S4,3,125,
16.559,17.86,S4,3,125,
12.063,15.61,S4,3,125,
12.200,15.61,S4,3,125,
11.825,15.61,S4,3,125,
10.087,15.03,S4,3,125,
11.602,15.61,S4,3,125,
270.971,101.72,S4,3,125,5
21.703,15.70,S4,3,125,
16.815,17.86,S4,3,125,
17.269,24.73,S4,3,125,
16.783,33.98,S4,3,125,
11.926,15.61,S4,3,125,
10.085,15.03,S4,3,125,
11.726,15.61,S4,3,125,
12.864,46.78,S4,3,125,
16.518,17.86,S4,3,125,
16.095,33.98,S4,3,125,
12.274,15.61,S4,3,125,
10.086,15.03,S4,3,125,
11.925,15.61,S4,3,125,
11.824,28.84,S4,3,125,
41.918,33.66,S4,3,125,
16.998,17.86,S4,3,125,
16.421,31.09,S4,3,125,
11.834,15.61,S4,3,125,
12.223,15.61,S4,3,125,
11.795,15.61,S4,3,125,
10.086,15.03,S4,3,125,
205.858,64.81,S4,3,125,3
273.414,101.72,S4,3,125,5
10.203,13.45,S4,3,125,
10.203,13.45,S4,3,125,
10.214,13.45,S4,3,125,
16.450,24.73,S4,3,125,
12.539,15.61,S4,3,125,
10.085,15.03,S4,3,125,
42.872,20.43,S4,3,125,
16.356,41.34,S4,3,125,
10.207,13.45,S4,3,125,
10.214,13.45,S4,3,125,
10.211,13.45,S4,3,125,
42.775,37.77,S4,3,125,
12.229,15.61,S4,3,125,
10.085,15.03,S4,3,125,
12.129,28.84,S4,3,125,
10.214,13.45,S4,3,125,
12.986,15.61,S4,3,125,
12.516,15.61,S4,3,125,
12.042,15.61,S4,3,125,
10.086,15.03,S4,3,125,
270.490,101.72,S4,3,125,5
16.498,24.73,S4,3,125,
16.598,17.86,S4,3,125,
274.165,101.72,S4,3,125,5
16.615,24.73,S4,3,125,
13.378,15.61,S4,3,125,
10.090,15.03,S4,3,125,
17.140,17.86,S4,3,125,
12.182,15.61,S4,3,125,
10.085,15.03,S4,3,125,
12.266,28.84,S4,3,125,
16.891,17.86,S4,3,125,
16.610,17.86,S4,3,125,
16.611,17.86,S4,3,125,
12.386,15.61,S4,3,125,
12.069,15.61,S4,3,125,
12.070,15.61,S4,3,125,
10.084,15.03,S4,3,125,
11.891,15.61,S4,3,125,
22.908,15.70,S4,3,125,
16.682,17.86,S4,3,125,
43.205,27.03,S4,3,125,
12.053,15.61,S4,3,125,
10.090,15.03,S4,3,125,
12.410,15.61,S4,3,125,
13.562,46.78,S4,3,125,
17.993,17.86,S4,3,125,
43.323,37.78,S4,3,125,
12.223,15.61,S4,3,125,
10.088,15.03,S4,3,125,
11.897,28.84,S4,3,125,
17.038,17.86,S4,3,125,
13.693,15.61,S4,3,125,
10.181,15.03,S4,3,125,
210.282,64.81,S4,3,125,3
10.208,13.45,S4,3,125,
10.208,13.45,S4,3,125,
10.209,13.45,S4,3,125,
12.420,15.61,S4,3,125,
10.084,15.03,S4,3,125,
42.912,20.43,S4,3,125,
17.292,24.73,S4,3,125,
10.205,13.45,S4,3,125,
10.206,13.45,S4,3,125,
10.211,13.45,S4,3,125,
16.836,31.98,S4,3,125,
16.861,31.98,S4,3,125,
12.213,15.61,S4,3,125,
10.092,15.03,S4,3,125,
12.480,28.84,S4,3,125,
10.198,13.45,S4,3,125,
41.902,38.77,S4,3,125,
12.270,15.61,S4,3,125,
10.095,15.03,S4,3,125,
22.242,17.86,S4,3,125,
15.771,15.61,S4,3,125,
10.095,15.03,S4,3,125,
19.659,17.86,S4,3,125,
12.490,15.61,S4,3,125,
10.087,15.03,S4,3,125,
11.770,28.84,S4,3,125,
16.578,17.86,S4,3,125,
12.255,15.61,S4,3,125,
10.087,15.03,S4,3,125,
12.473,15.61,S4,3,125,
42.184,32.43,S4,3,125,
21.216,15.70,S4,3,125,
17.210,17.86,S4,3,125,
41.565,41.26,S4,3,125,
12.114,15.61,S4,3,125,
12.406,15.61,S4,3,125,
10.090,15.03,S4,3,125,
12.551,15.61,S4,3,125,
42.300,34.58,S4,3,125,
12.911,46.78,S4,3,125,
16.420,17.86,S4,3,125,
434.706,80.56,S4,3,125,4
12.003,15.61,S4,3,125,
10.087,15.03,S4,3,125,
11.827,15.61,S4,3,125,
11.968,28.84,S4,3,125,
16.488,31.09,S4,3,125,
16.605,17.86,S4,3,125,
16.099,31.09,S4,3,125,
11.687,15.61,S4,3,125,
11.736,15.61,S4,3,125,
11.625,15.61,S4,3,125,
10.084,15.03,S4,3,125,
206.993,64.81,S4,3,125,3
43.511,32.43,S4,3,125,
10.203,13.45,S4,3,125,
10.200,13.45,S4,3,125,
12.236,15.61,S4,3,125,
11.914,15.61,S4,3,125,
10.085,15.03,S4,3,125,
41.497,20.43,S4,3,125,
10.216,13.45,S4,3,125,
10.197,13.45,S4,3,125,
12.062,15.61,S4,3,125,
10.086,15.03,S4,3,125,
44.119,32.43,S4,3,125,
11.717,28.84,S4,3,125,
43.361,32.43,S4,3,125,
10.224,13.45,S4,3,125,
43.559,32.43,S4,3,125,
11.979,15.61,S4,3,125,
12.115,15.61,S4,3,125,
11.785,15.61,S4,3,125,
10.085,15.03,S4,3,125,
43.060,44.91,S4,3,125,
41.274,32.43,S4,3,125,
16.184,39.34,S4,3,125,
16.449,17.86,S4,3,125,
16.716,17.86,S4,3,125,
12.591,15.61,S4,3,125,
42.173,26.03,S4,3,125,
11.981,15.61,S4,3,125,
10.092,15.03,S4,3,125,
43.084,28.93,S4,3,125,
41.698,26.06,S4,3,125,
17.199,17.86,S4,3,125,
16.885,17.86,S4,3,125,
42.173,45.15,S4,3,125,
42.484,37.55,S4,3,125,
11.899,15.61,S4,3,125,
10.092,15.03,S4,3,125,
41.945,32.43,S4,3,125,
11.635,28.84,S4,3,125,
17.184,17.86,S4,3,125,
16.804,17.86,S4,3,125,
16.437,17.86,S4,3,125,
11.916,15.61,S4,3,125,
11.947,15.61,S4,3,125,
11.509,15.61,S4,3,125,
10.088,15.03,S4,3,125,
11.920,15.61,S4,3,125,
272.585,101.72,S4,3,125,5
21.312,15.70,S4,3,125,
16.667,17.86,S4,3,125,
16.371,24.73,S4,3,125,
16.912,31.98,S4,3,125,
12.311,15.61,S4,3,125,
10.086,15.03,S4,3,125,
11.859,15.61,S4,3,125,
12.937,46.78,S4,3,125,
17.194,17.86,S4,3,125,
43.404,44.26,S4,3,125,
11.930,15.61,S4,3,125,
10.086,15.03,S4,3,125,
11.776,28.84,S4,3,125,
43.254,33.66,S4,3,125,
16.461,17.86,S4,3,125,
42.635,41.26,S4,3,125,
11.699,15.61,S4,3,125,
41.942,42.91,S4,3,125,
11.775,15.61,S4,3,125,
10.089,15.03,S4,3,125,
207.257,64.81,S4,3,125,3
271.218,101.72,S4,3,125,5
10.200,13.45,S4,3,125,
10.216,13.45,S4,3,125,
10.198,13.45,S4,3,125,
16.104,24.73,S4,3,125,
12.232,15.61,S4,3,125,
10.088,15.03,S4,3,125,
42.355,20.43,S4,3,125,
16.273,41.34,S4,3,125,
10.211,13.45,S4,3,125,
10.214,13.45,S4,3,125,
10.207,13.45,S4,3,125,
16.432,31.98,S4,3,125,
12.413,15.61,S4,3,125,
10.085,15.03,S4,3,125,
12.159,28.84,S4,3,125,
10.207,13.45,S4,3,125,
10.230,13.45,S4,3,125,
10.200,13.45,S4,3,125,
11.998,15.61,S4,3,125,
11.894,15.61,S4,3,125,
10.083,15.03,S4,3,125,
268.730,101.72,S4,3,125,5
16.312,24.73,S4,3,125,
16.743,17.86,S4,3,125,
16.488,24.73,S4,3,125,
11.974,15.61,S4,3,125,
10.090,15.03,S4,3,125,
16.089,17.86,S4,3,125,
12.153,15.61,S4,3,125,
10.087,15.03,S4,3,125,
11.919,28.84,S4,3,125,
17.418,17.86,S4,3,125,
426.079,83.73,S4,3,125,4
11.791,15.61,S4,3,125,
11.978,15.61,S4,3,125,
10.086,15.03,S4,3,125,
11.629,15.61,S4,3,125,
21.404,15.70,S4,3,125,
17.522,17.86,S4,3,125,
43.870,27.03,S4,3,125,
425.623,80.56,S4,3,125,4
12.112,15.61,S4,3,125,
10.084,15.03,S4,3,125,
11.592,15.61,S4,3,125,
13.050,46.78,S4,3,125,
16.592,17.86,S4,3,125,
12.232,15.61,S4,3,125,
10.088,15.03,S4,3,125,
16.433,17.86,S4,3,125,
11.995,15.61,S4,3,125,
10.086,15.03,S4,3,125,
211.826,64.81,S4,3,125,3
10.210,13.45,S4,3,125,
10.203,13.45,S4,3,125,
10.204,13.45,S4,3,125,
18.879,31.98,S4,3,125,
13.049,15.61,S4,3,125,
10.091,15.03,S4,3,125,
42.798,20.43,S4,3,125,
18.701,24.73,S4,3,125,
10.213,13.45,S4,3,125,
10.232,13.45,S4,3,125,
10.613,13.45,S4,3,125,
18.219,31.98,S4,3,125,
17.579,31.98,S4,3,125,
13.490,15.61,S4,3,125,
10.090,15.03,S4,3,125,
43.405,42.09,S4,3,125,
22.437,40.34,S4,3,125,
10.237,13.45,S4,3,125,
10.215,13.45,S4,3,125,
10.206,13.45,S4,3,125,
17.592,31.98,S4,3,125,
17.187,31.98,S4,3,125,
14.452,15.61,S4,3,125,
10.087,15.03,S4,3,125,
21.440,17.86,S4,3,125,
215.401,83.73,S4,3,125,4
280.156,99.72,S4,3,125,5
12.796,15.61,S4,3,125,
10.087,15.03,S4,3,125,
275.724,101.72,S4,3,125,5
214.454,83.73,S4,3,125,4
17.531,17.86,S4,3,125,
212.197,83.73,S4,3,125,4
275.291,99.72,S4,3,125,5
11.991,15.61,S4,3,125,
10.084,15.03,S4,3,125,
16.761,17.86,S4,3,125,
215.132,83.73,S4,3,125,4
274.519,99.72,S4,3,125,5
12.479,15.61,S4,3,125,
10.087,15.03,S4,3,125,
11.949,15.61,S4,3,125,
41.812,32.43,S4,3,125,
21.838,15.70,S4,3,125,
17.469,17.86,S4,3,125,
13.585,15.61,S4,3,125,
42.408,28.92,S4,3,125,
11.838,15.61,S4,3,125,
10.086,15.03,S4,3,125,
11.865,15.61,S4,3,125,
12.815,46.78,S4,3,125,
17.207,17.86,S4,3,125,
12.811,15.61,S4,3,125,
10.087,15.03,S4,3,125,
12.183,28.84,S4,3,125,
17.284,31.09,S4,3,125,
16.790,17.86,S4,3,125,
16.390,31.09,S4,3,125,
11.929,15.61,S4,3,125,
11.928,15.61,S4,3,125,
11.892,15.61,S4,3,125,
10.099,15.03,S4,3,125,
205.912,64.81,S4,3,125,3
43.264,32.43,S4,3,125,
10.208,13.45,S4,3,125,
10.207,13.45,S4,3,125,
10.210,13.45,S4,3,125,
12.027,15.61,S4,3,125,
12.069,15.61,S4,3,125,
12.040,15.61,S4,3,125,
10.090,15.03,S4,3,125,
43.278,20.43,S4,3,125,
11.498,28.84,S4,3,125,
10.210,13.45,S4,3,125,
10.210,13.45,S4,3,125,
10.218,13.45,S4,3,125,
11.946,15.61,S4,3,125,
11.765,15.61,S4,3,125,
12.066,15.61,S4,3,125,
10.088,15.03,S4,3,125,
42.783,32.43,S4,3,125,
11.676,28.84,S4,3,125,
10.209,13.45,S4,3,125,
10.209,13.45,S4,3,125,
10.203,13.45,S4,3,125,
12.036,15.61,S4,3,125,
12.131,15.61,S4,3,125,
12.423,15.61,S4,3,125,
10.091,15.03,S4,3,125,
42.669,44.91,S4,3,125,
42.051,32.43,S4,3,125,
16.529,39.34,S4,3,125,
16.818,17.86,S4,3,125,
16.486,17.86,S4,3,125,
11.849,15.61,S4,3,125,
12.417,15.61,S4,3,125,
12.047,15.61,S4,3,125,
10.091,15.03,S4,3,125,
42.343,36.55,S4,3,125,
11.763,28.84,S4,3,125,
17.017,17.86,S4,3,125,
15.881,17.86,S4,3,125,
17.504,17.86,S4,3,125,
11.977,15.61,S4,3,125,
11.293,15.61,S4,3,125,
11.914,15.61,S4,3,125,
10.089,15.03,S4,3,125,
43.830,32.43,S4,3,125,
11.437,28.84,S4,3,125,
17.127,17.86,S4,3,125,
16.622,17.86,S4,3,125,
16.832,17.86,S4,3,125,
11.798,15.61,S4,3,125,
12.184,15.61,S4,3,125,
12.222,15.61,S4,3,125,
10.085,15.03,S4,3,125,
12.388,15.61,S4,3,125,
271.546,101.72,S4,3,125,5
21.294,15.70,S4,3,125,
16.496,17.86,S4,3,125,
293.862,101.72,S4,3,125,5
19.220,24.73,S4,3,125,
15.202,15.61,S4,3,125,
10.093,15.03,S4,3,125,
13.578,15.61,S4,3,125,
426.306,82.15,S4,3,125,4
13.881,46.78,S4,3,125,
17.756,17.86,S4,3,125,
12.290,15.61,S4,3,125,
10.092,15.03,S4,3,125,
42.244,27.30,S4,3,125,
11.995,28.84,S4,3,125,
43.121,33.66,S4,3,125,
16.589,17.86,S4,3,125,
16.322,31.09,S4,3,125,
13.479,15.61,S4,3,125,
12.037,15.61,S4,3,125,
11.909,15.61,S4,3,125,
10.089,15.03,S4,3,125,
205.857,64.81,S4,3,125,3
272.578,101.72,S4,3,125,5
10.205,13.45,S4,3,125,
10.210,13.45,S4,3,125,
10.196,13.45,S4,3,125,
16.926,24.73,S4,3,125,
15.203,15.61,S4,3,125,
10.204,15.03,S4,3,125,
42.818,20.43,S4,3,125,
17.454,41.34,S4,3,125,
10.208,13.45,S4,3,125,
10.207,13.45,S4,3,125,
10.214,13.45,S4,3,125,
43.597,33.90,S4,3,125,
16.871,15.61,S4,3,125,
10.090,15.03,S4,3,125,
18.676,28.84,S4,3,125,
10.247,13.45,S4,3,125,
12.742,15.61,S4,3,125,
12.158,15.61,S4,3,125,
10.084,15.03,S4,3,125,
271.650,101.72,S4,3,125,5
16.229,24.73,S4,3,125,
16.679,17.86,S4,3,125,
20.480,24.73,S4,3,125,
22.680,15.61,S4,3,125,
10.178,15.03,S4,3,125,
43.964,27.30,S4,3,125,
20.263,17.86,S4,3,125,
13.793,15.61,S4,3,125,
10.107,15.03,S4,3,125,
12.210,28.84,S4,3,125,
18.101,17.86,S4,3,125,
17.371,17.86,S4,3,125,
16.931,17.86,S4,3,125,
11.992,15.61,S4,3,125,
12.148,15.61,S4,3,125,
12.475,15.61,S4,3,125,
10.090,15.03,S4,3,125,
11.993,15.61,S4,3,125,
22.651,15.70,S4,3,125,
17.106,17.86,S4,3,125,
42.102,27.03,S4,3,125,
12.240,15.61,S4,3,125,
10.091,15.03,S4,3,125,
11.807,15.61,S4,3,125,
12.572,46.78,S4,3,125,
16.886,17.86,S4,3,125,
12.058,15.61,S4,3,125,
10.084,15.03,S4,3,125,
11.687,28.84,S4,3,125,
16.725,17.86,S4,3,125,
13.173,15.61,S4,3,125,
10.089,15.03,S4,3,125,
207.161,64.81,S4,3,125,3
16.603,39.09,S4,3,125,
10.197,13.45,S4,3,125,
10.212,13.45,S4,3,125,
10.213,13.45,S4,3,125,
22.773,15.61,S4,3,125,
19.182,15.61,S4,3,125,
10.153,15.03,S4,3,125,
49.164,20.43,S4,3,125,
27.037,24.73,S4,3,125,
10.341,13.45,S4,3,125,
10.342,13.45,S4,3,125,
10.341,13.45,S4,3,125,
26.877,31.98,S4,3,125,
19.114,15.61,S4,3,125,
19.382,15.61,S4,3,125,
10.159,15.03,S4,3,125,
48.937,32.43,S4,3,125,
20.731,28.84,S4,3,125,
55.686,20.43,S4,3,125,
10.410,13.45,S4,3,125,
10.432,13.45,S4,3,125,
56.495,19.20,S4,3,125,
23.044,15.61,S4,3,125,
23.213,15.61,S4,3,125,
10.178,15.03,S4,3,125,
50.731,44.26,S4,3,125,
32.791,17.86,S4,3,125,
52.110,35.90,S4,3,125,
49.299,20.43,S4,3,125,
20.576,15.61,S4,3,125,
22.343,15.61,S4,3,125,
10.147,15.03,S4,3,125,
51.354,27.30,S4,3,125,
34.009,24.73,S4,3,125,
55.198,35.90,S4,3,125,
28.876,17.86,S4,3,125,
49.710,35.90,S4,3,125,
50.352,20.43,S4,3,125,
21.279,15.61,S4,3,125,
22.965,15.61,S4,3,125,
10.175,15.03,S4,3,125,
48.507,27.30,S4,3,125,
18.582,28.84,S4,3,125,
29.029,17.86,S4,3,125,
27.923,17.86,S4,3,125,
49.415,35.90,S4,3,125,
48.986,20.43,S4,3,125,
20.000,15.61,S4,3,125,
19.721,15.61,S4,3,125,
10.196,15.03,S4,3,125,
19.856,15.61,S4,3,125,
49.064,32.43,S4,3,125,
35.773,15.70,S4,3,125,
27.526,17.86,S4,3,125,
29.179,31.09,S4,3,125,
19.062,15.61,S4,3,125,
18.648,15.61,S4,3,125,
19.565,15.61,S4,3,125,
10.146,15.03,S4,3,125,
19.473,15.61,S4,3,125,
20.882,28.84,S4,3,125,
21.861,46.78,S4,3,125,
28.392,17.86,S4,3,125,
27.860,31.09,S4,3,125,
20.046,15.61,S4,3,125,
20.455,15.61,S4,3,125,
20.477,15.61,S4,3,125,
10.146,15.03,S4,3,125,
49.486,27.30,S4,3,125,
19.899,28.84,S4,3,125,
26.357,31.09,S4,3,125,
29.155,17.86,S4,3,125,
27.566,31.09,S4,3,125,
18.649,15.61,S4,3,125,
18.725,15.61,S4,3,125,
18.670,15.61,S4,3,125,
10.147,15.03,S4,3,125,
226.892,82.15,S4,3,125,4
48.938,32.43,S4,3,125,
10.343,13.45,S4,3,125,
10.683,13.45,S4,3,125,
48.949,19.20,S4,3,125,
18.613,15.61,S4,3,125,
19.620,15.61,S4,3,125,
19.365,15.61,S4,3,125,
10.145,15.03,S4,3,125,
48.755,20.43,S4,3,125,
18.957,28.84,S4,3,125,
10.342,13.45,S4,3,125,
10.367,13.45,S4,3,125,
52.306,19.20,S4,3,125,
19.448,15.61,S4,3,125,
20.899,15.61,S4,3,125,
20.500,15.61,S4,3,125,
10.152,15.03,S4,3,125,
49.690,32.43,S4,3,125,
19.688,28.84,S4,3,125,
49.881,19.20,S4,3,125,
10.377,13.45,S4,3,125,
48.350,19.20,S4,3,125,
19.890,15.61,S4,3,125,
20.400,15.61,S4,3,125,
20.386,15.61,S4,3,125,
10.147,15.03,S4,3,125,
48.570,44.91,S4,3,125,
48.474,32.43,S4,3,125,
29.086,39.34,S4,3,125,
28.501,17.86,S4,3,125,
29.553,17.86,S4,3,125,
19.359,15.61,S4,3,125,
19.243,15.61,S4,3,125,
19.307,15.61,S4,3,125,
10.148,15.03,S4,3,125,
50.398,27.30,S4,3,125,
18.973,28.84,S4,3,125,
28.501,17.86,S4,3,125,
28.675,17.86,S4,3,125,
28.171,17.86,S4,3,125,
19.218,15.61,S4,3,125,
19.880,15.61,S4,3,125,
22.617,15.61,S4,3,125,
10.156,15.03,S4,3,125,
49.430,32.43,S4,3,125,
19.777,28.84,S4,3,125,
28.151,17.86,S4,3,125,
27.835,17.86,S4,3,125,
29.098,17.86,S4,3,125,
19.918,15.61,S4,3,125,
21.099,15.61,S4,3,125,
20.295,15.61,S4,3,125,
